ASY,PCB,Family,Top Priority 1,Top Priority 2,Top Priority 3,Bot Priority 1,Bot Priority 2,Bot Priority 3,# Circuits
10700510,93300082,WUP-1,,,,,,,6
10700511,93300082,WUP-1,,,,,,,6
10701030,93300376,WUP-9,,,,,,,12
10701031,93300376,WUP-9,,,,,,,12
10701032,93300378,WUP-12,,,,,,,12
10701033,93300378,WUP-12,,,,,,,12
10701034,93300378,WUP-12,,,,,,,12
10701035,93300373,WUP-7,,,,,,,12
10701036,93300375,WUP-10,,,,,,,12
10701037,93300375,WUP-10,,,,,,,12
10701038,93300377,WUP-11,,,,,,,12
10701039,93300377,WUP-11,,,,,,,12
10701040,93300377,WUP-11,,,,,,,12
10701041,93300379,WUP-10,,,,,,,12
10701042,93300373,WUP-7,,,,,,,12
10701043,93300372,WUP-13,,,,,,,12
10701074,93300383,WUP-8,,,,,,,12
10701075,93300384,WUP-10,,,,,,,12
40360-301-53,40360-300-03,800-1,SM5,,,,,,96
40360-301-54,40360-300-03,800-1,SM5,,,,,,96
40360-301-55,40360-300-03,800-1,SM5,,,,,,96
40360-301-56,40360-300-03,800-1,SM5,,,,,,96
40360-301-57,40360-300-03,800-1,SM5,,,,,,96
40360-304-53,40360-303-03,800-2,SM5,,,,,,96
40360-304-54,40360-303-03,800-2,SM5,,,,,,96
40360-304-55,40360-303-03,800-2,SM5,,,,,,96
40360-304-56,40360-303-03,800-2,SM5,,,,,,96
40360-304-57,40360-303-03,800-2,SM5,,,,,,96
40360-304-73,40360-303-03,800-2,SM5,,,,,,96
40360-304-74,40360-303-03,800-2,SM5,,,,,,96
40360-304-75,40360-303-03,800-2,SM5,,,,,,96
40360-304-76,40360-303-03,800-2,SM5,,,,,,96
40360-304-77,40360-303-03,800-2,SM5,,,,,,96
40845-293-51,40845-292-04,SLC-18,SM1,,,SM8,,,2
40845-293-51,,SLC-18,SM1,,,SM8,,,2
40845-398-53,,SLC-36,SM8,,,SM8,,,84
40846-034-51,40846-033-06,SLC-8,SM8,,,SM8,,,4
40846-051-51,40846-050-04,SLC-8,SM8,,,SM8,,,4
40846-342-51,40846-341-02,SLC-8,SM8,,,SM8,,,4
40846-377-51,,SLC-15,SM8,,,SM1,,,4
40846-377-51,40846-376-02,SLC-15,SM8,,,SM1,,,4
40846-386-51,,SLC-15,SM8,,,SM1,,,4
40846-386-51,,SLC-15,SM8,,,SM1,,,4
40846-386-51,40846-385-02,SLC-15,SM8,,,SM1,,,4
40846-390-51,,SLC-25,SM1,,,,,,4
40846-390-51,40846-389-02,SLC-25,SM1,,,,,,4
40846-394-51,,SLC-25,SM1,,,,,,4
40846-394-51,40846-393-02,SLC-25,SM1,,,,,,4
40846-394-51,40846-393-02,SLC-25,SM1,,,,,,4
40846-394-52,40846-393-02,SLC-25,SM1,,,,,,4
40847-147-51,40847-146-05,SLC-8,SM8,,,SM8,,,4
40847-217-55,,SLC-9,SM1,,,SM4,,,4
40847-217-55,40847-216-12,SLC-9,SM1,,,SM4,,,4
40847-217-55,40847-216-12,SLC-9,SM1,,,SM4,,,4
40847-217-55,,SLC-9,SM1,,,SM4,,,
40847-217-56,,SLC-9,SM1,,,SM4,,,4
40847-217-56,40847-216-12,SLC-9,SM1,,,SM4,,,4
40847-217-56,40847-216-12,SLC-9,SM1,,,SM4,,,4
40847-217-56,40847-216-12,SLC-9,SM1,,,SM4,,,4
40847-217-56,,SLC-9,SM1,,,SM4,,,4
40847-217-59,,SLC-9,SM1,,,SM4,,,4
40847-217-59,40847-216-12,SLC-9,SM1,,,SM4,,,4
40847-217-59,40847-216-12,SLC-9,SM1,,,SM4,,,4
40847-229-51,40847-228-08,SLC-19,SM8,,,SM8,,,6
40847-289-51,,SLC-24,SM8,,,SM8,,,4
40847-289-51,,SLC-24,SM8,,,SM8,,,4
40847-289-51,40847-288-10,SLC-24,SM8,,,SM8,,,4
40847-399-51,40847-398-01,SLC-16,SM1,,,SM4,,,35
40851-096-51,,SLC-16,SM8,,,SM8,,,35
40851-096-52,40851-095-03,SLC-16,SM1,,,SM8,,,35
40851-138-61,40851-137-12,SLC-4,SM1,,,SM4,,,4
40851-138-62,40851-137-12,SLC-4,SM1,,,SM4,,,4
40851-138-62,,SLC-4,SM1,,,SM4,,,4
40851-138-62,40851-137-12,SLC-4,SM1,,,SM4,,,4
40851-138-62,40851-137-12,SLC-4,SM1,,,SM4,,,4
40851-138-63,40851-137-12,SLC-4,SM1,,,SM4,,,4
40851-138-63,,SLC-4,SM1,,,SM4,,,4
40851-138-63,40851-137-12,SLC-4,SM1,,,SM4,,,4
40851-138-63,40851-137-12,SLC-4,SM1,,,SM4,,,4
40851-138-71,,SLC-4,SM1,,,SM4,,,4
40851-138-71,40851-137-12,SLC-4,SM1,,,SM4,,,4
40851-138-71,40851-137-12,SLC-4,SM1,,,SM4,,,4
40851-138-71,40851-137-12,SLC-4,SM1,,,SM4,,,4
40851-138-72,,SLC-4,SM1,,,SM4,,,4
40851-138-72,40851-137-12,SLC-4,SM1,,,SM4,,,4
40851-138-72,40851-137-12,SLC-4,SM1,,,SM4,,,4
40851-138-72,40851-137-12,SLC-4,SM1,,,SM4,,,4
40851-138-73,,SLC-4,SM1,,,SM4,,,4
40851-138-73,40851-137-12,SLC-4,SM1,,,SM4,,,4
40851-138-73,40851-137-12,SLC-4,SM1,,,SM4,,,4
40851-138-73,40851-137-12,SLC-4,SM1,,,SM4,,,4
40851-239-51,,SLC-14,SM8,,,SM1,,,8
40851-239-51,40851-238-03,SLC-14,SM8,,,SM1,,,4
40851-243-51,,SLC-2,SM8,,,SM1,,,4
40851-243-51,40851-242-03,SLC-2,SM8,,,SM1,,,4
40851-243-51,40851-242-03,SLC-2,SM8,,,SM1,,,4
40851-243-51,40851-242-03,SLC-2,SM8,,,SM1,,,4
40851-246-51,40851-245-02,SLC-2,SM8,,,SM1,,,4
40851-246-51,40851-245-02,SLC-2,SM8,,,SM1,,,4
40851-246-51,,SLC-2,SM8,,,SM1,,,4
40851-246-51,40851-245-02,SLC-2,SM8,,,SM1,,,4
40851-246-51,40851-245-02,SLC-2,SM8,,,SM1,,,4
40851-246-51,40851-245-02,SLC-2,SM8,,,SM1,,,4
40851-246-51,40851-245-02,SLC-2,SM8,,,SM1,,,4
40851-249-51,40851-248-04,SLC-39,SM7,,,SM7,,,4
40851-249-51,,SLC-5,SM8,,,SM8,,,4
40851-249-51,40851-248-03,SLC-5,SM8,,,SM8,,,4
40851-249-51,40851-248-03,SLC-5,SM8,,,SM8,,,4
40851-249-51,40851-248-03,SLC-5,SM8,,,SM8,,,4
40851-252-51,,SLC-23,SM8,,,SM8,,,4
40851-252-51,,SLC-23,SM8,,,SM8,,,4
40851-252-51,40851-251-04,SLC-37,SM8,,,SM8,,,4
40851-252-52,,SLC-23,SM8,,,SM8,,,4
40851-252-52,,SLC-23,SM8,,,SM8,,,4
40851-252-52,40851-251-04,SLC-37,SM8,,,SM8,,,4
40851-261-51,PN-74610,SLC-8,SM8,,,SM8,,,4
40851-264-52,40851-263-04,SLC-8,SM8,,,SM8,,,4
40851-267-51,40851-266-01,SLC-16,SM8,,,SM8,,,144
40851-267-52,40851-266-01,SLC-16,SM8,,,SM8,,,144
40851-267-54,40851-266-01,SLC-16,SM8,,,SM8,,,144
40854-042-51,40854-041-01,MLX-31,SM8,,,SM8,,,30
40855-078-51,40855-077-02,MLX-3,SM1,,,SM1,,,8
40855-078-51,40855-077-03,MLX-3,SM1,,,SM1,,,8
40855-078-52,40855-077-02,MLX-3,SM1,,,SM1,,,8
40855-078-52,40855-077-03,MLX-3,SM1,,,SM1,,,8
40855-078-53,40855-078-02,MLX-3,SM1,,,SM1,,,8
40855-078-53,40855-077-03,MLX-3,SM1,,,SM1,,,8
40855-087-51,40855-086-02,MLX-47,SM1,,,SM1,,,4
40855-087-51,40855-086-03,MLX-47,SM1,,,SM1,,,4
40855-090-51,40855-089-01,MLX-17,SM1,,,SM1,,,4
40855-090-51,40855-089-02,MLX-17,SM1,,,SM1,,,4
40855-176-51,40855-175-07,MLX-17,SM1,,,SM1,,,4
40855-176-51,40855-175-06,MLX-17,SM1,,,SM1,,,4
40855-179-51,40855-178-05,MLX-17,SM1,,,SM1,,,4
40855-179-51,40855-178-06,MLX-17,SM1,,,SM1,,,4
40855-182-51,40855-181-06,MLX-17,SM1,,,SM1,,,4
40855-182-51,40855-181-07,MLX-17,SM1,,,SM1,,,4
40855-194-51,40855-193-01,MLX-16,SM1,,,SM1,,,4
40855-194-51,40855-193-02,MLX-16,SM1,,,SM1,,,4
40855-743-51,40855-742-01,SLC-3,SM8,,,SM4,,,6
40855-766-51,40855-765-01,SLC-27,SM8,,,SM4,,,6
40857-002-51,40857-001-08,MLX-11,SM8,,,,,,4
40857-002-51,40857-001-07,MLX-11,SM8,,,,,,4
40857-005-57,40857-004-03,MLX-33,SM1,,,SM1,,,24
40857-011-52,40857-010-05,MLX-32,SM8,,,SM8,,,9
40857-014-52,40857-013-06,MLX-8,SM8,,,SM8,,,4
40857-017-52,40857-016-07,MLX-8,SM8,,,SM8,,,4
40857-020-52,40857-019-05,MLX-7,SM8,,,SM8,,,4
40857-020-53,40857-019-05,MLX-7,SM8,,,SM8,,,4
40857-033-51,40857-032-07,MLX-1,SM8,,,SM8,,,4
40857-033-51,40857-032-08,MLX-1,SM8,,,SM8,,,4
40865-053-51,40865-052-04,MLX-4,SM8,,,SM8,,,4
40865-056-51,40865-055-04,MLX-5,SM4,,,SM4,,,4
40865-059-51,40865-058-03,MLX-6,SM8,,,SM8,,,4
40865-062-51,40865-061-03,MLX-18,SM1,,,SM8,,,4
40865-065-51,40865-064-05,MLX-9,SM8,,,SM8,,,6
40865-065-51,40865-064-05,MLX-9,SM8,,,SM8,,,6
40865-068-51,40865-067-03,MLX-4,SM8,,,SM8,,,3
40865-071-51,40865-070-03,MLX-5,SM4,,,SM4,,,3
40865-074-51,40865-073-01,MLX-6,SM8,,,SM8,,,3
40865-077-51,40865-076-05,MLX-18,SM1,,,SM8,,,3
40865-077-51,40865-076-06,MLX-18,SM1,,,SM8,,,3
40865-080-51,40865-079-05,MLX-9,SM8,,,SM8,,,3
40865-080-51,40865-079-05,MLX-9,SM8,,,SM8,,,3
40865-092-51,40865-091-03,MLX-18,SM1,,,SM8,,,4
40865-172-51,40865-171-02,MLX-9,SM8,,,SM8,,,6
40865-172-51,40865-171-02,MLX-9,SM8,,,SM8,,,6
40865-182-51,40865-181-02,MLX-9,SM8,,,SM8,,,3
40865-182-51,40865-181-02,MLX-9,SM8,,,SM8,,,3
40870-003-51,40870-002-01,MLX-12,SM4,,,SM4,,,3
40870-003-51,,MLX-12,SM4,,,SM4,,,3
40870-003-51,40870-002-03,MLX-12,SM4,,,SM4,,,3
40870-003-51,40870-002-04,MLX-12,SM4,,,SM4,,,3
40870-003-51,40870-002-04,MLX-12,SM4,,,SM4,,,3
40870-003-52,40870-002-03,MLX-12,SM4,,,SM4,,,3
40870-003-52,40870-002-04,MLX-12,SM4,,,SM4,,,3
40870-003-52,40870-002-04,MLX-12,SM4,,,SM4,,,3
40870-013-51,40870-012-01,MLX-49,SM1,,,SM1,,,3
40870-013-51,40870-012,MLX-49,SM1,,,SM1,,,3
40870-013-51,40870-012-03,MLX-49,SM1,,,SM1,,,3
40870-013-51,40870-012-03,MLX-49,SM1,,,SM1,,,3
40870-013-52,40870-012-03,MLX-49,SM1,,,SM1,,,3
40870-013-52,40870-012-03,MLX-49,SM1,,,SM1,,,3
40870-023-51,,MLX-49,SM1,,,SM1,,,3
40870-023-51,40870-022-02,MLX-49,SM1,,,SM1,,,3
40870-023-51,40870-022-03,MLX-49,SM1,,,SM1,,,3
40870-023-51,40870-022-03,MLX-49,SM1,,,SM1,,,3
40870-023-52,40870-022-03,MLX-49,SM1,,,SM1,,,3
40870-023-52,40870-022-03,MLX-49,SM1,,,SM1,,,3
40870-043-51,,MLX-26,SM8,,,SM8,,,6
40870-043-51,,MLX-26,SM8,,,SM8,,,6
40870-043-51,40870-042-03,MLX-26,SM8,,,SM8,,,6
40870-043-51,40870-042-04,MLX-37,SM8,,,SM8,,,8
40870-053-51,40870-052-01,MLX-20,SM8,,,SM8,,,
40870-053-51,40870-052-02,MLX-20,SM8,,,SM8,,,72
77148-708-51,77148-707-03,MLX-31,SM1,,,SM4,,,12
92402401,92402491,POINT-62,SM4,,,SM4,,,9
92406601,92406491,POINT-1,SM5,,,SM5,,,9
92406801,92406491,POINT-1,SM5,,,SM5,,,9
92407401,92407091,POINT-45,SM4,,,SM4,,,9
92407601,92407691,POINT-39,SM8,,,SM8,,,9
92407801,92407691,POINT-39,SM8,,,SM8,,,9
92408601,92408291,POINT-1,SM5,,,SM5,,,9
92409202,92409292,POINT-5,SM8,,,SM8,,,9
92409402,92409292,POINT-5,SM8,,,SM8,,,9
92410202,92409292,POINT-5,SM8,,,SM8,,,9
92410402,92410492,POINT-37,SM8,,,SM8,,,9
92410602,92410492,POINT-37,SM8,,,SM8,,,9
92410802,92410492,POINT-37,SM8,,,SM8,,,9
92411402,92411092,POINT-26,SM5,,,SM5,,,9
92414601,92414691,TB1,,,,SM7,,,6
92414801,92414691,TB1,,,,SM7,,,6
92415201,92414691,TB1,,,,SM7,,,6
92415401,92415491,TB1,,,,SM7,,,6
92415601,92415491,TB1,,,,SM7,,,6
92415801,92415891_A01,TB1,,,,SM7,,,6
92416201,92415891,TB1,,,,SM7,,,6
92416401,92416491,TB1,,,,SM7,,,6
92416601,92416491,TB1,,,,SM7,,,6
92416801,92416891,TB1,,,,SM7,,,6
92417201,92417291,TB1,,,,SM7,,,6
92420001,92420091,POINT-6,SM8,,,,,,8
92420202,92420292,POINT-27,SM8,,,SM8,,,9
92420402,92420292,POINT-27,SM8,,,SM8,,,9
92420602,92420292,POINT-27,SM8,,,SM8,,,9
92420802,92420292,POINT-27,SM8,,,SM8,,,9
92421002,92421092,POINT-52,SM4,,,SM4,,,9
92421202,92421092,POINT-52,SM4,,,SM4,,,9
92421402,92421492,POINT-25,SM5,,,SM5,,,9
92421601,92420091,POINT-6,SM8,,,,,,8
92421801,92420091,POINT-6,SM8,,,,,,8
92422001,92422091,POINT-28,SM7,,,SM7,,,6
92422201,92422291,POINT-3,SM7,,,SM7,,,6
92423201,92423291,FLEX-18,SM8,,,SM8,,,12
92423401,92423291,FLEX-18,SM8,,,SM8,,,12
92423801,,FLEX-24,SM8,,,SM8,,,12
92424001,,FLEX-24,SM8,,,SM8,,,12
92426801,92426891,POINT-19,SM8,,,,,,8
92427001,92427091,POINT-20,SM4,,,SM4,,,6
92427201,92426891,POINT-19,SM8,,,,,,
92427201,92426891,POINT-19,SM8,,,,,,8
92427601,92427691,POINT-11,SM8,,,SM8,,,8
92429201,92429291,POINT-10,SM8,,,SM8,,,8
92429401,92429491,POINT-4,SM8,,,SM5,,,6
92429601,92429691,POINT-55,SM8,,,SM8,,,8
92430601,92430691,POINT-22,SM7,,,SM7,,,8
92431401,92431491,POINT-21,SM8,,,SM4,,,10
92431601,92431691,POINT-50,SM1,,,SM2,,,
92431601,92431691,POINT-50,SM1,,,SM2,,,12
92436601,92436691,POINT-24,SM5,,,SM5,,,6
92436801,92436892,POINT-2,SM4,,,SM4,,,6
92452601,92452692,TB1,,,,SM7,,,6
92452801,92452891,TB1,,,,SM7,,,6
92475201,92475291,POINT-19,SM8,,,,,,8
92475401,92475491,POINT-22,SM7,,,SM7,,,8
93426401,93426491,OPT-2,SM1,,,SM1,,,24
93426401,93426491,OPT-2,SM1,,,SM1,,,24
93426401,93426491,OPT-2,SM1,,,SM1,,,24
93426801,93426891,OPT-26,SM4,,,SM4,,,24
93426801,93426891,OPT-26,SM4,,,SM4,,,24
93426801,93426891,OPT-26,SM4,,,SM4,,,24
93427801,93427891,OPT-17,SM6,,,SM6,,,24
93427801,93427891,OPT-17,SM6,,,SM6,,,24
93429001,93429091,OPT-10,SM4,,,SM8,,,3
93429001,93429091,OPT-10,SM4,,,SM8,,,3
93429001,93429091,OPT-10,SM4,,,SM8,,,3
93429201,93429291,OPT-10,SM4,,,SM8,,,3
93429201,93429291,OPT-10,SM4,,,SM8,,,3
93429201,93429291,OPT-10,SM4,,,SM8,,,3
93429401,93429491,OPT-10,SM4,,,SM8,,,3
93429401,93429491,OPT-10,SM4,,,SM8,,,3
93429401,93429491,OPT-10,SM4,,,SM8,,,3
93429401,93429491,OPT-10,SM4,,,SM8,,,3
93431201,93431291,OPT-5,SM1,,,SM1,,,9
93431201,93431291,OPT-5,SM1,,,SM1,,,9
93431201,93431291,OPT-5,SM1,,,SM1,,,9
93431401,93431491,OPT-7,SM1,,,SM4,,,9
93431601,93431691,OPT-7,SM8,,,SM8,,,9
93431601,93431691,OPT-7,SM8,,,SM8,,,9
93431601,93431691,OPT-7,SM8,,,SM8,,,9
93431801,93431491,OPT-7,SM1,,,SM4,,,9
93432201,93432291,OPT-27,SM8,,,SM8,,,24
93432201,93432291,OPT-27,SM8,,,SM8,,,24
93432201,93432291,OPT-27,SM8,,,SM8,,,24
93432401,93432491,OPT-1,SM1,,,SM1,,,24
93432401,93432491,OPT-1,SM1,,,SM1,,,24
93434401,94404491,MLX-29,SM1,,,SM8,,,30
93434401,93434491,MLX-29,SM1,,,SM8,,,30
93435001,93435091,OPT-3,SM1,,,SM1,,,3
93435001,93435091,OPT-3,SM1,,,SM1,,,3
93435601,93435691,OPT-15,SM4,,,,,,20
93435601,93435691,OPT-15,SM4,,,,,,20
93437401,93437491,OPT-9,SM8,,,SM8,,,50
93437401,93437491,OPT-9,SM8,,,SM8,,,50
96163004,96163094,FLEX-20,SM8,,,SM8,,,6
96177803,96177896,FLEX-32,SM8,,,SM8,,,6
96178001,96178091,NEEDS DEFINED,SM4,,,SM4,,,15
96189804,96189894,FLEX-30,SM8,,,SM8,,,6
96222806,96222895,FLEX-26,SM8,,,SM8,,,6
96255805,96255893,SLC-30,SM8,,,SM8,,,2
96268605,96268695,FLEX-19,SM8,,,SM8,,,6
96268804,96268893,FLEX-28,SM4,,,SM4,,,21
96282603,96282692,FLEX-40,SM8,,,SM8,,,6
96282803,,FLEX-42,SM8,,,SM8,,,6
96301201,,SLC-20,SM8,,,SM1,,,4
96301201,96301294,SLC-20,SM8,,,SM1,,,4
96301202,,SLC-20,SM8,,,SM1,,,4
96301202,96301294,SLC-20,SM8,,,SM1,,,4
96320407,96320499,POINT-13,SM8,,,SM8,,,9
96331001,96331092,CMX-18,SM8,,,SM8,,,48
96347801,96347893,FLEX-15,SM8,,,SM5,,,9
96356601,96356691,CMX-18,SM8,,,SM8,,,48
96394603,96394693,CMX-17,SM8,,,SM5,,,6
96406802,96406894,CMX-16,SM1,,,SM1,,,4
96437202,96437293,POINT-23,SM8,,,SM8,,,8
96438801,96438891,POINT-29,SM8,,,SM8,,,12
96441205,96441295,CMX-8,SM8,,,SM8,,,10
96441404,96441494,CMX-11,SM8,,,SM8,,,4
96445201,96445291,CMX-16,SM1,,,SM1,,,4
96447001,96447091,POINT-43,SM8,,,SM8,,,10
96448201,96448293,TO-BE-DECIDED,SM1,,,SM1,,,10
96448802,96448895,SLC-6,SM8,,,SM8,,,
96448802,,SLC-6,SM8,,,SM8,,,2
96448802,96448895,SLC-6,SM8,,,SM8,,,2
96452801,96453093,CMX-24,SM4,,,SM4,,,2
96453001,96453093,CMX-24,SM4,,,SM4,,,2
96462001,96462095,FLEX-38,SM1,,,SM1,,,4
96477601,96477692,TO-BE-DECIDED,SM1,,,SM1,,,10
PN-100719,PN-116079,JQS-3,SM5,,,SM5,,,80
PN-100733,PN-134030,JQS-4,SM1,,,SM1,,,80
PN-101986,92425091,FLEX-16,SM8,,,SM4,,,6
PN-101987,92425091,FLEX-16,SM8,,,SM4,,,6
PN-102512,96425893,FLEX-17,SM2,,,SM2,,,4
PN-103468,PN-103435,FLEX-53,SM8,,,,,,8
PN-107268,92425091,FLEX-16,SM8,,,SM4,,,
PN-108357,PN-66342,FLEX-6,SM2,,,SM2,,,
PN-108357,PN-99602,FLEX-6,SM2,,,SM2,,,4
PN-108358,PN-66342,FLEX-6,SM2,,,SM2,,,
PN-108358,PN-99602,FLEX-6,SM2,,,SM2,,,4
PN-108955,PN-134030,JQS-4,,,,,,,
PN-108956,PN-134030,JQS-4,,,,,,,
PN-108957,PN-134030,JQS-4,,,,,,,
PN-108958,PN-134030,JQS-4,,,,,,,
PN-108959,PN-134030,JQS-4,,,,,,,
PN-108960,PN-134030,JQS-4,,,,,,,
PN-113348,96219694,FLEX-21,SM8,,,SM8,,,6
PN-113350,96235894,FLEX-21,SM8,,,SM4,,,12
PN-113351,96235894,FLEX-21,SM8,,,SM4,,,
PN-116080,PN-116079,JQS-3,SM5,,,SM5,,,80
PN-116908,PN-116909,CMX-28,SM1,,,SM4,,,4
PN-117016,PN-117017,CMX-8,SM1,,,SM1,,,10
PN-117115,PN-117116,CMX-27,SM1,,,SM1,,,9
PN-117177,PN-117175,CLX-13,,,,,,,36
PN-117220,PN-116911,CMX-5,SM1,,,SM1,,,2
PN-117222,PN-116910,CMX-8,SM8,,,SM8,,,10
PN-117224,PN-116912,CMX-8,SM1,,,SM1,,,10
PN-117225,PN-116914,CMX-8,SM1,,,SM1,,,10
PN-117226,PN-116915,CMX-23,SM8,,,SM8,,,4
PN-117227,PN-116916,CMX-21,SM1,,,SM1,,,2
PN-117228,PN-116915,CMX-23,SM8,,,SM8,,,4
PN-117229,PN-116916,CMX-21,SM1,,,SM1,,,2
PN-117230,PN-116917,CMX-8,SM1,,,SM1,,,10
PN-117385,PN-116079,JQS-3,SM5,,,SM5,,,80
PN-117875,PN-117885,RNG-1,SM8,,,SM8,,,24
PN-117876,PN-117885,RNG-1,SM8,,,SM8,,,24
PN-117877,PN-117885,RNG-1,SM8,,,SM8,,,24
PN-117879,PN-117888,RNG-1,SM8,,,SM8,,,12
PN-117880,PN-117888,RNG-1,SM8,,,SM8,,,12
PN-117881,PN-117888,RNG-1,SM8,,,SM8,,,12
PN-119877,PN-119876,CMX-8,SM1,,,SM1,,,10
PN-120101,PN-120102,PVC-2,SM1,,,SM4,,,4
PN-120836,PN-114302,CMX-13,SM7,,,,,,2
PN-120847,PN-114302,CMX-13,SM7,,,,,,2
PN-122419,96448895,SLC-6,SM8,,,SM8,,,2
PN-122548,PN-122547,FLEX-56,SM8,,,SM8,,,6
PN-122837,PN-122839,CMX-27,SM1,,,SM1,,,9
PN-125066,PN-125065,FLEX-72,SM8,,,SM8,,,15
PN-125371,PN-34461,POINT-40,SM8,,,SM8,,,4
PN-125802,PN-103436,FLEX-50,SM1,,,SM1,,,6
PN-125842,PN-125843,FLEX-51,SM8,,,SM8,,,12
PN-126309,PN-109648,CMX-10,SM5,,,SM1,,,2
PN-126463,PN-126461,POINT-42,SM8,,,SM8,,,9
PN-126464,PN-126461,POINT-42,SM8,,,SM8,,,9
PN-126465,PN-126461,POINT-42,SM8,,,SM8,,,9
PN-128027,PN-128024,CMX-14,SM2,,,SM2,,,2
PN-128028,PN-128024,CMX-14,SM2,,,SM2,,,2
PN-128133,PN-98681,TB3,SM8,,,SM1,,,6
PN-128326,PN-128325,CMX-3,SM2,,,SM2,,,10
PN-128576,PN-128575,CMX-1,SM4,,,SM4,,,2
PN-128663,PN-23300,POINT-15,SM8,,,SM8,,,4
PN-129936,PN-27277,FLEX-52,SM8,,,SM4,,,4
PN-129939,PN-129940,POINT-78,SM5,,,SM5,,,9
PN-130518,PN-129940,POINT-78,SM5,,,SM5,,,9
PN-130519,PN-129940,POINT-78,SM5,,,SM5,,,9
PN-130520,PN-129940,POINT-78,SM5,,,SM5,,,9
PN-131580,92409292  REV 2,POINT-5,SM8,,,SM8,,,9
PN-134596,PN-134597,FLEX-60,SM8,,,SM4,,,6
PN-134602,PN-134601,FLEX-37,SM8,,,SM4,,,6
PN-134609,PN-134608,FLEX-65,SM5,,,SM5,,,6
PN-134610,92424691,FLEX-43,SM8,,,SM8,,,6
PN-134612,92424891,FLEX-43,SM8,,,SM8,,,6
PN-135583,PN-137181,FLEX-22,SM2,,,SM2,,,12
PN-135584,PN-137181,FLEX-22,SM2,,,SM2,,,12
PN-136063,PN-136062,CMX-25,SM5,,,SM5,,,2
PN-136065,92427891,POINT-12,SM8,,,SM4,,,6
PN-136067,92430891,POINT-12,SM8,,,SM4,,,6
PN-136145,92427091,POINT-20,SM4,,,SM4,,,6
PN-136149,92429891,POINT-75,SM8,,,SM8,,,10
PN-138996,PN-138993,CLX-5,,,,,,,2
PN-140051,PN-117175,CLX-1,,,,,,,36
PN-140528,PN-103436,FLEX-50,SM1,,,SM1,,,6
PN-143449,PN-143443,FLEX-49,SM7,,,SM7,,,9
PN-143813,PN-147706,FLEX-51,SM8,,,SM1,,,12
PN-143815,PN-147707,FLEX-51,SM8,,,SM8,,,9
PN-144439,PN-147707,FLEX-51,,,,SM8,,,9
PN-145029,PN-15621,POINT-34,SM5,,,SM5,,,9
PN-147905,PN-147904,POINT-51,SM5,,,SM5,,,9
PN-147906,PN-147904,POINT-51,SM5,,,SM5,,,9
PN-147907,PN-147904,POINT-51,SM5,,,SM5,,,9
PN-147909,PN-147908,POINT-53,SM2,,,SM2,,,9
PN-147910,PN-147908,POINT-53,SM2,,,SM2,,,9
PN-147911,PN-147908,POINT-53,SM2,,,SM2,,,9
PN-148214,PN-144308,NEO-6,SM8,,,,,,20
PN-14904,PN-77186,POINT-76,,,,SM8,,,6
PN-15133,PN-15131,PVC-3,SM1,,,SM4,,,6
PN-151726,PN-151729,POINT-33,SM4,,,SM4,,,9
PN-152022,PN-152021,POINT-60,SM5,,,SM5,,,9
PN-152023,PN-152021,POINT-60,SM5,,,SM5,,,9
PN-152024,PN-152021,POINT-60,SM5,,,SM5,,,9
PN-152462,PN-152461,OPT-20,SM5,,,SM5,,,3
PN-15629,PN-77187,POINT-76,,,,SM8,,,6
PN-15630,PN-77190,POINT-76,,,,SM8,,,6
PN-156506,PN-180465,MLX-35,SM1,,,SM1,,,2
PN-156508,40865-055-05,MLX-36,SM1,,,SM1,,,4
PN-156509,40865-052-05,MLX-36,SM1,,,SM1,,,4
PN-156511,40865-058-04,MLX-36,SM1,,,SM1,,,4
PN-156513,40865-067-04,MLX-35,SM1,,,SM1,,,2
PN-156515,40865-073-02,MLX-35,SM1,,,SM1,,,2
PN-156836,40855-077-04,MLX-28,SM5,,,SM4,,,8
PN-156837,40855-077-04,MLX-28,SM5,,,SM4,,,8
PN-156838,40855-071-08,MLX-25,SM1,,,SM1,,,8
PN-156840,40855-071-08,MLX-25,SM1,,,SM1,,,8
PN-156843,40855-193-03,MLX-19,SM8,,,SM8,,,4
PN-156845,40855-175-08,MLX-19,SM8,,,SM8,,,4
PN-156846,40855-178-07,MLX-19,SM8,,,SM8,,,4
PN-156847,40855-068-03,MLX-19,SM8,,,SM8,,,4
PN-156849,40855-190-04,MLX-19,SM8,,,SM8,,,4
PN-156850,40855-086-04,MLX-28,SM5,,,SM4,,,4
PN-156851,40855-077-04,MLX-28,SM5,,,SM4,,,8
PN-156855,40855-071-08,MLX-25,SM1,,,SM1,,,8
PN-157134,PN-157133,OPT-20,SM5,,,SM5,,,3
PN-157868,PN-157863,POINT-78,SM5,,,SM5,,,9
PN-160295,PN-160294,MLX-15,SM8,,,SM8,,,2
PN-160296,PN-160294,MLX-15,SM8,,,SM8,,,2
PN-160471,92426091,POINT-30,SM5,,,SM5,,,9
PN-160472,92426091,POINT-30,SM5,,,SM5,,,9
PN-160473,92426091,POINT-30,SM5,,,SM5,,,9
PN-160474,92426091,POINT-30,SM5,,,SM5,,,9
PN-160475,92433091,POINT-31,SM2,,,SM2,,,9
PN-160650,PN-164977,MLX-2,SM8,,,SM8,,,2
PN-160654,PN-164862,MLX-46,SM1,,,SM1,,,42
PN-161565,PN-161569,FLEX-66,SM8,,,SM8,,,2
PN-161566,PN-161568,FLEX-38,SM1,,,SM1,,,4
PN-162122,PN-162123,FLEX-38,SM1,,,SM1,,,4
PN-162398,PN-162399,SLC-32,SM8,,,SM8,,,4
PN-162401,PN-162402,SLC-36,SM8,,,SM1,,,84
PN-162738,PN-162739,SLC-10,SM8,,,SM8,,,4
PN-162741,PN-162743,SLC-21,SM8,,,SM8,,,4
PN-162744,PN-162745,SLC-12,SM8,,,,,,4
PN-162748,PN-162402,SLC-36,SM8,,,SM1,,,84
PN-163264,PN-163265,CMX-31,SM8,,,SM8,,,48
PN-164132,PN-164979,MLX-22,SM8,,,SM4,,,3
PN-164133,PN-164980,MLX-13,SM8,,,SM8,,,30
PN-164134,PN-164980,MLX-13,SM8,,,SM8,,,30
PN-164135,PN-164980,MLX-13,SM8,,,SM8,,,30
PN-164136,PN-164982,MLX-22,SM8,,,SM4,,,3
PN-164137,PN-164983,MLX-14,SM8,,,SM8,,,3
PN-164138,PN-164981,MLX-14,SM8,,,SM8,,,3
PN-164139,PN-164985,MLX-22,SM8,,,SM4,,,6
PN-164140,PN-164986,MLX-14,SM8,,,SM8,,,4
PN-164858,PN-164976,MLX-2,SM8,,,SM8,,,2
PN-164859,PN-164977,MLX-2,SM8,,,SM8,,,2
PN-164860,PN-164978,MLX-2,SM8,,,SM8,,,2
PN-164861,PN-164988,MLX-22,SM8,,,SM4,,,6
PN-164990,PN-164989,POINT-58,SM2,,,SM2,,,4
PN-164991,PN-164989,POINT-58,SM2,,,SM2,,,4
PN-165606,PN-165607,FLEX-34,SM8,,,SM8,,,6
PN-165609,PN-184251,POINT-64,SM5,,,SM5,,,9
PN-165610,PN-184391,POINT-64,SM5,,,SM5,,,9
PN-165802,92475691,POINT-65,SM8,,,SM8,,,10
PN-165803,92476691,POINT-54,SM8,,,,,,6
PN-165810,PN-141014,NEO-3,SM4,,,SM4,,,4
PN-165812,PN-143431,NEO-2,SM5,,,SM5,,,2
PN-165813,PN-143435,NEO-3,SM4,,,SM4,,,6
PN-165815,PN-143445,NEO-5,SM8,,,SM8,,,4
PN-165816,PN-143450,NEO-3,SM4,,,SM4,,,4
PN-165817,PN-143454,NEO-5,SM5,,,SM5,,,6
PN-165818,PN-143458,NEO-3,SM4,,,SM4,,,4
PN-165819,PN-143435,NEO-3,SM5,,,SM5,,,6
PN-165821,PN-142386,NEO-1,SM2,,,SM2,,,6
PN-165822,PN-142387,NEO-1,SM2,,,SM2,,,4
PN-165824,PN-142384,NEO-4,SM2,,,SM2,,,6
PN-165825,PN-142385,NEO-9,SM2,,,SM2,,,4
PN-165968,40851-269-04,SLC-17,SM8,,,SM1,,,4
PN-166571,PN-161569,FLEX-66,SM8,,,SM8,,,2
PN-166574,PN-161569,FLEX-66,SM8,,,SM8,,,2
PN-16782,PN-16780,FLEX-12,SM8,,,SM8,,,8
PN-168009,PN-161569,FLEX-66,SM8,,,SM8,,,2
PN-168014,PN-161569,FLEX-66,SM8,,,SM8,,,
PN-168032,PN-198921,CLX-12,,,,,,,18
PN-168125,PN-168126,FLEX-2,SM8,,,SM8,,,6
PN-168522,PN-161569,FLEX-66,SM8,,,SM8,,,2
PN-168524,PN-161569,FLEX-66,SM8,,,SM8,,,2
PN-16914,PN-16913_01,FLEX-25,SM8,,,SM8,,,8
PN-169220,PN-169221,FLEX-15,SM8,,,SM5,,,9
PN-169378,PN-55144,FLEX-5,SM2,,,SM2,,,9
PN-169379,96404891,FLEX-11,SM8,,,SM8,,,6
PN-169380,96404891,FLEX-11,SM8,,,SM8,,,6
PN-16949,PN-31693,FLEX-9,SM8,,,SM8,,,2
PN-169722,PN-169721,POINT-73,SM5,,,SM4,,,6
PN-169726,40846-346-02,SLC-8,SM8,,,SM8,,,4
PN-169727,40847-146-05,SLC-8,SM8,,,SM8,,,4
PN-169729,PN-169730,FLEX-14,SM8,,,SM4,,,4
PN-170166,93431091,OPT-4,SM5,,,SM5,,,
PN-170166,93431091,OPT-4,SM5,,,SM5,,,9
PN-170171,PN-170165,POINT-17,SM4,,,SM4,,,9
PN-170172,PN-170169,POINT-41,SM2,,,SM2,,,9
PN-170296,PN-171576,POINT-71,SM1,,,SM1,,,6
PN-170297,PN-171576,POINT-71,SM1,,,SM1,,,6
PN-170298,PN-171576,POINT-71,SM1,,,SM1,,,6
PN-170299,PN-171576,POINT-71,SM1,,,SM1,,,6
PN-170645,PN-170644,POINT-17,SM5,,,SM5,,,9
PN-170648,40857-019-05,MLX-8,SM8,,,SM8,,,4
PN-170654,PN-170649,OPT-1,SM1,,,SM1,,,24
PN-170655,PN-170651,OPT-27,SM1,,,SM1,,,24
PN-170656,PN-170652,OPT-16,SM2,,,SM2,,,24
PN-170658,PN-170657,POINT-66,SM5,,,SM5,,,9
PN-170659,PN-170657,POINT-66,SM5,,,SM5,,,9
PN-170661,PN-170657,POINT-66,SM5,,,SM5,,,9
PN-171395,93433091,OPT-20,SM5,,,SM5,,,3
PN-171396,PN-152461,OPT-20,SM5,,,SM5,,,3
PN-171397,PN-171399,FLEX-2,SM8,,,SM8,,,6
PN-171408,40855-074-04,MLX-28,SM5,,,SM4,,,8
PN-171710,40855-074-04,MLX-28,SM5,,,SM4,,,8
PN-172268,40865-076-06,MLX-18,SM1,,,SM8,,,3
PN-172276,93435891,OPT-11,SM8,,,SM8,,,3
PN-172277,93430291,OPT-12,SM4,,,SM4,,,3
PN-172278,93430491,OPT-12,SM4,,,SM4,,,3
PN-172279,93436091,OPT-12,SM4,,,SM4,,,3
PN-172280,PN-18799,FLEX-33,SM8,,,SM4,,,6
PN-172283,PN-18807,FLEX-33,SM8,,,SM4,,,6
PN-173056,PN-156288,OPT-13,SM1,,,SM1,,,24
PN-173057,PN-156288,OPT-13,SM1,,,SM1,,,24
PN-174351,92429491,POINT-4,SM8,,,SM5,,,6
PN-174352,PN-34461,POINT-40,SM8,,,SM8,,,4
PN-17626,PN-48740,FLEX-10,SM5,,,SM5,,,12
PN-178299,96189894,FLEX-55,SM8,,,SM8,,,6
PN-179208,PN-152459,OPT-20,SM5,,,SM5,,,3
PN-179209,93433491,OPT-20,SM5,,,SM5,,,3
PN-179210,PN-157126,OPT-34,SM4,,,SM4,,,3
PN-179211,PN-157128,OPT-33,SM2,,,SM2,,,3
PN-179212,PN-157131,OPT-20,SM5,,,SM5,,,3
PN-179213,PN-157133,OPT-20,SM5,,,SM5,,,3
PN-17943,PN-17942,POINT-55,SM8,,,SM8,,,8
PN-179761,PN-143440,NEO-5,SM5,,,SM5,,,6
PN-180475,40855-089-03,MLX-19,SM8,,,SM8,,,4
PN-180838,PN-152759,POINT-56,SM4,,,SM1,,,4
PN-181263,PN-181262,POINT-61,SM4,,,SM4,,,8
PN-181266,PN-150650,POINT-61,SM4,,,SM4,,,4
PN-182252,93427291,OPT-6,SM2,,,SM2,,,6
PN-182525,93432691,OPT-22,SM1,,,SM1,,,3
PN-182526,93435091,OPT-22,SM1,,,SM1,,,3
PN-184676,PN-184673,CLX-2,,,,,,,24
PN-185244,PN-185243,POINT-67,SM5,,,SM2,,,4
PN-186602,PN-186601,POINT-46,SM4,,,SM4,,,9
PN-187414,PN-161577,MLX-14,SM8,,,SM8,,,
PN-187414,PN-161577,MLX-14,SM8,,,SM8,,,4
PN-18780,PN-18799,FLEX-33,SM8,,,SM4,,,6
PN-188986,PN-188985,CMX-2,SM2,,,SM2,,,4
PN-189529,40851-257-04,SLC-1,SM8,,,SM8,,,4
PN-190092,PN-190091,SLC-35,SM1,,,SM8,,,4
PN-190732,92401891,POINT-70,SM5,,,SM5,,,9
PN-190734,PN-24172,POINT-16,SM7,,,SM2,,,9
PN-190743,PN-193189,SLC-37,SM8,,,SM8,,,4
PN-195302,PN-152021,POINT-60,SM5,,,SM5,,,9
PN-197185,PN-152756,POINT-58,SM2,,,SM2,,,4
PN-197351,PN-197352,SLC-28,SM8,,,SM8,,,4
PN-197640,PN-197641,CLX-11,,,,,,,2
PN-202670,PN-202674,OPT-37,SM2,,,SM2,,,6
PN-202673,PN-202677,OPT-39,SM8,,,SM8,,,2
PN-204021,PN-116911,CMX-5,SM1,,,SM1,,,2
PN-204378,PN-255872,CLX-3,SM7,,,SM7,,,2
PN-204420,PN-199594,FLEX-33,SM8,,,SM4,,,6
PN-204421,PN-199594,FLEX-33,SM8,,,SM4,,,6
PN-204991,PN-204990,CMX-8A,SM8,,,SM8,,,10
PN-206247,PN-15623,POINT-34,SM5,,,SM5,,,9
PN-207555,PN-207559,FLEX-69,SM5,,,SM5,,,
PN-207557,PN-207559,FLEX-69,SM5,,,SM5,,,12
PN-207560,PN-207562,FLEX-70,SM4,,,SM4,,,
PN-207561,PN-207562,FLEX-70,SM4,,,SM4,,,12
PN-207566,PN-207565,FLEX-71,SM2,,,SM2,,,12
PN-207567,PN-207565,FLEX-71,SM2,,,SM2,,,
PN-207570,PN-207563,FLEX-73,SM8,,,SM4,,,6
PN-207944,PN-207563,FLEX-73,SM8,,,SM4,,,6
PN-211470,PN-127109,JQS-1,SM1,,,SM1,,,42
PN-212195,PN-212192,OPT-31,SM8,,,SM8,,,16
PN-212621,92431691,POINT-50,SM1,,,SM2,,,12
PN-212843,PN-18799,FLEX-33,SM8,,,SM8,,,6
PN-214535,PN-214534,SLC-44,SM1,,,SM1,,,4
PN-214536,PN-214537,SLC-11,SM8,,,,,,4
PN-216656,40870-042-04,MLX-37,,,,SM1,,,8
PN-216953,40870-032-04,MLX-48,SM2,,,SM2,,,3
PN-217830,PN-136062,CMX-25,SM5,,,SM5,,,2
PN-217833,PN-116909,CMX-28,SM1,,,SM4,,,4
PN-217839,PN-128575,CMX-1,SM4,,,SM4,,,2
PN-218511,PN-24735,CMX-1,SM4,,,SM4,,,2
PN-219388,PN-109648,CMX-10,SM5,,,SM1,,,2
PN-219973,93436091,OPT-12,SM4,,,SM4,,,3
PN-220002,PN-220680,MLX-45,SM8,,,SM8,,,2
PN-220008,PN-219999,CMX-34,SM1,,,SM1,,,2
PN-223426,PN-119870,CMX-15,SM1,,,SM1,,,3
PN-230438,PN-212193,OPT-30,SM8,,,SM8,,,16
PN-23296,PN-23299,POINT-14,SM8,,,SM8,,,4
PN-23297,PN-23300,POINT-15,SM8,,,SM8,,,4
PN-23298,PN-23301,POINT-44,SM8,,,SM8,,,4
PN-233070,PN-116916,CMX-21,SM1,,,SM1,,,2
PN-233076,PN-116916,CMX-21,SM1,,,SM1,,,2
PN-233077,PN-116913,CMX-4,SM5,,,SM5,,,2
PN-233080,PN-116917,CMX-8,SM8,,,SM8,,,10
PN-23443,PN-23444,POINT-64,SM5,,,SM5,,,9
PN-234783,PN-198209,WUP-3,,,,,,,13
PN-234784,PN-198209,WUP-3,,,,,,,13
PN-234785,PN-198209,WUP-3,,,,,,,13
PN-234786,PN-198209,WUP-3,,,,,,,13
PN-234787,PN-198209,WUP-3,,,,,,,13
PN-234788,PN-198209,WUP-3,,,,,,,13
PN-234789,PN-234782,WUP-6,,,,,,,13
PN-234790,PN-234782,WUP-6,,,,,,,13
PN-234791,PN-234796,WUP-5,,,,,,,13
PN-234792,PN-234796,WUP-5,,,,,,,13
PN-234793,PN-234796,WUP-2,,,,,,,13
PN-236344,PN-194455,SLC-33,SM8,,,SM4,,,4
PN-236570,PN-236567,OPT-33,SM2,,,SM2,,,3
PN-237175,PN-237189,CLX-15,SM8,,,SM8,,,12
PN-240607,PN-197355,SLC-39,SM7,,,SM7,,,4
PN-240969,93427291,OPT-6,SM2,,,SM2,,,6
PN-240973,93427291,OPT-6,SM2,,,SM2,,,6
PN-240976,93432691,OPT-22,SM1,,,SM1,,,3
PN-240979,93435091,OPT-22,SM1,,,SM1,,,3
PN-241898,PN-116911,CMX-5,SM1,,,SM1,,,2
PN-242824,93430291,OPT-12,SM4,,,SM4,,,3
PN-244648,PN-164981,MLX-14,SM8,,,SM8,,,3
PN-244652,PN-197352,SLC-28,SM8,,,SM8,,,4
PN-245877,PN-184251,POINT-64,SM1,,,SM4,,,9
PN-248270,PN-169730,FLEX-14,SM8,,,SM4,,,4
PN-24872,PN-19926,POINT-62,SM4,,,SM4,,,9
PN-249492,PN-249491,SLC-34,SM8,,,SM8,,,4
PN-249748,PN-249891,SLC-38,SM8,,,SM8,,,4
PN-249894,PN-249893,SLC-38,SM8,,,SM8,,,4
PN-250158,PN-119870,CMX-15,SM1,,,SM1,,,3
PN-250161,PN-119870,CMX-15,SM1,,,SM1,,,3
PN-250733,PN-250732,SLC-13,SM5,,,,,,35
PN-250735,PN-250734,MANUAL,,,,,,,35
PN-250895,PN-250894,OPT-37,SM8,,,SM8,,,6
PN-252063,PN-252062,SLC-11,SM8,,,,,,4
PN-25221,PN-37328,POINT-49,SM8,,,SM8,,,6
PN-258706,40870-022-03,MLX-49,SM1,,,SM1,,,3
PN-258708,40870-022-03,MLX-49,SM1,,,SM1,,,3
PN-258710,40870-012-03,MLX-49,SM1,,,SM1,,,
PN-258710,40870-012-03,MLX-49,SM1,,,SM1,,,3
PN-258712,40870-012-03,MLX-49,SM1,,,SM1,,,
PN-258712,40870-012-03,MLX-49,SM1,,,SM1,,,3
PN-258714,40870-002-04,MLX-12,SM4,,,SM4,,,
PN-258714,40870-002-04,MLX-12,SM4,,,SM4,,,3
PN-258716,40870-002-04,MLX-12,SM4,,,SM4,,,
PN-258716,40870-002-04,MLX-12,SM4,,,SM4,,,3
PN-259586,PN-160294,MLX-15,SM5,,,SM5,,,2
PN-259590,PN-160294,MLX-15,SM8,,,SM8,,,2
PN-261069,PN-258158,SLC-40,SM8,,,SM8,,,4
PN-261074,PN-261073,SLC-45,SM1,,,SM4,,,2
PN-261080,PN-261078,SLC-41,SM8,,,SM4,,,4
PN-261087,PN-261085,SLC-40,SM8,,,SM8,,,4
PN-261090,PN-134608,FLEX-65,SM5,,,SM5,,,6
PN-261097,PN-261096,SLC-42,SM8,,,SM8,,,6
PN-261339,PN-129940,POINT-78,SM5,,,SM5,,,9
PN-261343,PN-129940,POINT-78,SM5,,,SM5,,,9
PN-261371,PN-129940,POINT-78,SM5,,,SM5,,,9
PN-261373,PN-129940,POINT-78,SM5,,,SM5,,,9
PN-261383,PN-147904,POINT-51,SM5,,,SM5,,,9
PN-261390,PN-147904,POINT-51,SM5,,,SM5,,,9
PN-261393,PN-147904,POINT-51,SM5,,,SM5,,,9
PN-261632,PN-16913,FLEX-25,SM8,,,SM8,,,8
PN-261814,PN-16780,FLEX-12,SM1,,,SM4,,,8
PN-261815,40870-032-04,MLX-48,SM2,,,SM2,,,3
PN-261819,92425091,FLEX-16,SM8,,,SM4,,,6
PN-261820,92425091,FLEX-16,SM8,,,SM4,,,6
PN-261830,PN-170165,POINT-80,SM1,,,SM4,,,9
PN-261832,PN-170169,POINT-41,SM2,,,SM2,,,9
PN-262247,PN-122547,FLEX-56,SM8,,,SM8,,,6
PN-262250,PN-143443,FLEX-49,SM7,,,SM7,,,9
PN-262253,PN-55144,FLEX-5,SM2,,,SM2,,,9
PN-262254,92407091,POINT-45,SM4,,,SM4,,,9
PN-262485,PN-55144,FLEX-5,SM2,,,SM2,,,9
PN-262786,PN-165607,FLEX-34,SM8,,,SM8,,,6
PN-262787,PN-170657,POINT-66,SM5,,,SM5,,,9
PN-262788,PN-137181,FLEX-22,SM8,,,SM8,,,12
PN-262792,PN-170657,POINT-66,SM5,,,SM5,,,9
PN-262793,PN-137181,FLEX-22,SM2,,,SM2,,,12
PN-262795,92408291,POINT-1,SM5,,,SM5,,,9
PN-263053,92423291,FLEX-48,SM5,,,SM5,,,12
PN-263054,92423291,FLEX-48,SM5,,,SM5,,,12
PN-263061,92423691,FLEX-12,SM8,,,SM8,,,8
PN-263066,92423891,FLEX-48,SM5,,,SM5,,,12
PN-264186,PN-169221,FLEX-15,SM8,,,SM5,,,9
PN-264347,92424291,FLEX-44,SM8,,,SM4,,,6
PN-264671,92424491,FLEX-44,SM8,,,SM4,,,6
PN-265331,PN-29147,FLEX-61,SM4,,,SM4,,,2
PN-266659,PN-157863,POINT-78,SM5,,,SM5,,,9
PN-267242,92427091,POINT-20,SM4,,,SM4,,,6
PN-267243,92429891,POINT-75,SM8,,,SM8,,,10
PN-267718,PN-164976,MLX-2,SM8,,,SM8,,,2
PN-267720,PN-164978,MLX-2,SM8,,,SM8,,,2
PN-267722,PN-164977,MLX-2,SM8,,,SM8,,,2
PN-267724,PN-164977,MLX-2,SM8,,,SM8,,,2
PN-267726,40870-022-03,MLX-49,SM1,,,SM1,,,3
PN-267728,40870-022-03,MLX-49,SM1,,,SM1,,,3
PN-269019,92431691,POINT-50,SM1,,,SM2,,,24
PN-269022,92431691,POINT-50,SM1,,,SM2,,,12
PN-27108,92447091,FLEX-23,SM8,,,SM8,,,21
PN-272810,40865-052-05,MLX-36,SM1,,,SM4,,,4
PN-272812,40865-058-04,MLX-36,SM8,,,SM8,,,4
PN-272815,40865-067-04,MLX-35,SM8,,,SM8,,,2
PN-272817,PN-220680,MLX-45,SM8,,,SM8,,,2
PN-274258,PN-169730,FLEX-14,SM8,,,SM4,,,4
PN-274267,PN-274266,POINT-9,SM7,,,SM7,,,9
PN-274402,PN-274397,NEO-12,SM4,,,SM4,,,2
PN-274662,PN-263475,OPT-9,SM1,,,SM4,,,2
PN-275778,PN-184251,POINT-64,SM8,,,SM8,,,9
PN-275781,92436892,POINT-2,SM4,,,SM4,,,6
PN-275923,PN-258158,SLC-40,SM8,,,SM8,,,4
PN-276800,PN-184527,POINT-49,SM1,,,SM4,,,6
PN-276948,PN-202675,OPT-39,SM8,,,SM1,,,2
PN-276949,PN-202675,OPT-39,SM8,,,SM1,,,2
PN-276952,PN-202677,OPT-39,SM8,,,SM1,,,2
PN-277115,PN-277116,NEO-11,SM8,,,SM8,,,4
PN-277196,PN-184391,POINT-64,SM1,,,SM4,,,9
PN-277351,PN-147908,POINT-53A,SM2,,,SM2,,,9
PN-277352,PN-147908,POINT-53A,SM2,,,SM2,,,9
PN-277353,PN-147908,POINT-53A,SM2,,,SM2,,,9
PN-277552,PN-277550,NEO-11,SM8,,,SM8,,,4
PN-277684,92420292,POINT-27,SM8,,,SM8,,,9
PN-277685,92420292,POINT-27,SM8,,,SM8,,,9
PN-277686,92420292,POINT-27,SM8,,,SM8,,,9
PN-277688,92420292,POINT-27,SM8,,,SM8,,,9
PN-277689,92436691,POINT-24,SM5,,,SM5,,,12
PN-278429,PN-278427,CMX-13,SM7,,,,,,2
PN-278605,92421492,POINT-25,SM8,,,SM8,,,9
PN-278608,92412091,POINT-32,SM5,,,SM5,,,9
PN-278609,92412091,POINT-32,SM5,,,SM5,,,9
PN-278610,92412091,POINT-32,SM5,,,SM5,,,9
PN-278614,92431491,POINT-21,SM8,,,SM4,,,10
PN-279176,92422291,POINT-3,SM7,,,SM7,,,6
PN-279756,40855-193-03,MLX-19,SM8,,,SM8,,,4
PN-280603,PN-278427,CMX-13,SM7,,,,,,2
PN-280814,PN-280812,NG69-1,SM1,,,SM4,,,12
PN-282176,PN-282191,JQS-2,SM5,,,SM5,,,80
PN-282189,PN-282191,JQS-2,SM5,,,SM5,,,80
PN-282190,PN-282191,JQS-2,SM5,,,SM5,,,80
PN-282242,PN-249893,SLC-38,SM8,,,SM8,,,4
PN-282249,PN-202677,OPT-39,SM8,,,SM1,,,2
PN-282251,PN-202677,OPT-39,SM8,,,SM1,,,2
PN-282253,PN-202675,OPT-39,SM8,,,SM1,,,2
PN-282255,PN-202675,OPT-39,SM8,,,SM1,,,2
PN-282258,PN-202676,OPT-39,SM8,,,SM1,,,2
PN-282260,PN-202676,OPT-39,SM8,,,SM1,,,2
PN-282564,PN-282410,FLEX-1,SM1,,,SM1,,,4
PN-282570,PN-282410,FLEX-1,SM1,,,SM1,,,4
PN-282797,PN-116911,CMX-5,SM1,,,SM1,,,2
PN-283848,PN-231569,JQS-5,SM5,,,SM5,,,80
PN-283849,PN-231569,JQS-5,SM5,,,SM5,,,80
PN-283850,PN-231569,JQS-5,SM5,,,SM5,,,80
PN-283851,PN-119870,CMX-15,SM1,,,SM1,,,3
PN-285005,PN-202677,OPT-39,SM8,,,SM1,,,2
PN-285006,PN-202677,OPT-39,SM8,,,SM1,,,2
PN-285007,PN-202676,OPT-39,SM8,,,SM1,,,2
PN-285008,PN-202676,OPT-39,SM8,,,SM1,,,2
PN-286992,PN-231569,JQS-5,SM5,,,SM5,,,
PN-287125,PN-287129,NEO-11,SM1,,,SM4,,,4
PN-287987,PN-287984,NEO-11,SM1,,,SM4,,,4
PN-288132,PN-288131,CMX-8,SM8,,,SM8,,,10
PN-288843,93430291,OPT-12,SM4,,,SM4,,,3
PN-288845,93436091,OPT-12,SM4,,,SM4,,,3
PN-288847,93430491,OPT-12,SM4,,,SM4,,,3
PN-288849,93435891,OPT-11,,,,,,,3
PN-288850,93429491,OPT-10,SM8,,,SM8,,,3
PN-288851,93429291,OPT-10,SM8,,,SM8,,,3
PN-288852,93429091,OPT-10,SM8,,,SM8,,,3
PN-288862,93431491,OPT-7,SM8,,,SM8,,,9
PN-288863,93431491,OPT-7,SM8,,,SM8,,,9
PN-288864,93431691,OPT-7,SM1,,,SM4,,,9
PN-288998,PN-288996,NEO-12,SM1,,,SM4,,,2
PN-289078,PN-289077,FLEX-61,SM4,,,SM4,,,2
PN-290373,PN-290372,MLX-48,SM8,,,SM8,,,3
PN-291144,PN-103435,FLEX-53,SM8,,,,,,8
PN-291696,PN-164989,POINT-58,SM2,,,SM2,,,4
PN-293543,PN-293541,CMX-7,SM1,,,SM4,,,2
PN-294187,40870-002-04,MLX-12,SM4,,,SM4,,,3
PN-294197,40870-002-04,MLX-12,SM4,,,SM4,,,3
PN-296395,PN-296764,TO-BE-DECIDED,SM1,,,SM4,,,4
PN-296999,PN-143450,NEO-3,SM4,,,SM4,,,4
PN-297001,PN-143431,NEO-2,SM5,,,SM5,,,2
PN-297003,PN-141014,NEO-3,SM4,,,SM4,,,4
PN-297004,PN-143435,NEO-3,SM4,,,SM4,,,6
PN-297006,PN-143435,NEO-3,SM4,,,SM4,,,6
PN-297007,PN-143445,NEO-5,SM8,,,SM8,,,4
PN-297270,PN-128575,CMX-1,SM4,,,SM4,,,2
PN-298333,92422091,POINT-28,SM7,,,SM7,,,6
PN-298336,92422291,POINT-3,SM7,,,SM7,,,6
PN-298590,92431491,POINT-3,SM7,,,SM7,,,10
PN-298591,92431691,POINT-3,SM7,,,SM7,,,12
PN-298592,92431691,POINT-3,SM7,,,SM7,,,12
PN-298594,92436691,POINT-24,SM5,,,SM5,,,6
PN-298595,PN-15621,POINT-34,SM5,,,SM5,,,9
PN-298596,PN-15623,POINT-34,SM5,,,SM5,,,9
PN-298597,PN-170169,POINT-41,SM2,,,SM2,,,9
PN-300166,PN-128575,CMX-1,SM4,,,SM4,,,2
PN-300170,PN-136062,CMX-25,SM8,,,SM8,,,2
PN-300372,PN-109374,CMX-22,SM1,,,SM1,,,4
PN-301339,40870-012-03,MLX-49,SM1,,,SM1,,,3
PN-301341,40870-012-03,MLX-49,SM1,,,SM1,,,3
PN-301343,40870-022-03,MLX-49,SM1,,,SM1,,,3
PN-301345,40870-022-03,MLX-49,SM1,,,SM1,,,3
PN-301346,PN-152461,OPT-20,SM5,,,SM5,,,3
PN-301347,93433491,OPT-20,SM5,,,SM5,,,3
PN-301349,PN-152459,OPT-20,SM5,,,SM5,,,3
PN-301352,93433091,OPT-20,SM5,,,SM5,,,3
PN-301354,PN-236568,OPT-14,SM5,,,SM8,,,3
PN-301357,PN-236566,OPT-33A,SM4,,,SM1,,,3
PN-301365,PN-236565,OPT-32,SM5,,,SM5,,,3
PN-301368,PN-236567,OPT-33,SM2,,,SM2,,,3
PN-301371,93426491,OPT-2,SM1,,,SM1,,,24
PN-301621,PN-389072,WUP-4,,,,,,,13
PN-301622,PN-234796,WUP-5,,,,,,,13
PN-305870,PN-282410,FLEX-1,SM1,,,SM1,,,
PN-305872,PN-282410,FLEX-1,SM1,,,SM1,,,
PN-305878,PN-282410,FLEX-1,SM1,,,SM1,,,
PN-306106,PN-282410,FLEX-1,SM1,,,SM1,,,
PN-306324,PN-311500,CMX-34,SM1,,,SM1,,,2
PN-306330,PN-311502,CMX-19,SM1,,,SM1,,,2
PN-306335,PN-306333,CMX-6,SM8,,,,,,2
PN-306475,PN-288233,JQS-6,SM5,,,SM5,,,80
PN-306479,PN-288233,JQS-6,SM5,,,SM5,,,80
PN-306482,PN-288233,JQS-6,SM5,,,SM5,,,80
PN-306485,PN-288233,JQS-6,SM5,,,SM5,,,80
PN-306487,PN-288233,JQS-6,SM5,,,SM5,,,80
PN-306488,PN-288233,JQS-6,SM5,,,SM5,,,80
PN-306676,PN-306675,PILOT-16,SM4,,,SM4,,,9
PN-306826,PN-306982,POINT-7,SM4,,,SM4,,,6
PN-306846,PN-162745,SLC-12,SM8,,,,,,4
PN-307110,PN-307111,NG69-4,SM4,,,SM4,,,4
PN-307313,PN-307312,NEO-11,SM4,,,SM4,,,4
PN-308177,PN-308176,PEN-6,SM1,,,SM1,,,4
PN-309119,PN-310134,PEN-8,SM5,,,SM5,,,8
PN-309120,PN-310138,PEN-2,SM4,,,SM4,,,8
PN-309124,PN-310141,PILOT-16,SM4,,,SM4,,,8
PN-309125,PN-310142,PEN-10,SM4,,,SM4,,,8
PN-309416,PN-309415,5069-12,SM1,,,SM1,,,2
PN-309624,PN-309621,PEN-4,SM1,,,SM1,,,3
PN-309669,PN-309666,PEN-3,SM4,,,SM4,,,3
PN-309738,PN-309703,5069-20,SM4,,,SM4,,,2
PN-309761,PN-309703,5069-20,SM4,,,SM4,,,2
PN-309877,PN-309818,5069-24,SM8,,,SM8,,,12
PN-309954,PN-309953,PEN-7,SM1,,,SM1,,,3
PN-313449,PN-313448,PEN-3,SM4,,,SM4,,,3
PN-313450,PN-313451,PEN-8,SM5,,,SM5,,,3
PN-313453,PN-313452,PEN-15,SM4,,,SM4,,,4
PN-313467,PN-313463,NG94-4,,,,,,,4
PN-313633,PN-313623,5069-22,SM8,,,SM8,,,4
PN-313703,PN-309621,PEN-4,SM1,,,SM1,,,3
PN-314543,PN-314542,PILOT-16,SM4,,,SM4,,,6
PN-314546,PN-310134,PEN-8,,,,,,,8
PN-314792,PN-310138,PEN-10,SM4,,,SM4,,,8
PN-314800,PN-310141,PEN-8,SM5,,,SM5,,,8
PN-314802,PN-310142,PEN-10,SM4,,,SM4,,,8
PN-314812,PN-313452,PEN-15,SM4,,,SM4,,,4
PN-314815,PN-313451,PEN-3,SM4,,,SM4,,,3
PN-315694,PN-202675,OPT-39,SM8,,,SM1,,,2
PN-315696,PN-202677,OPT-39,SM8,,,SM1,,,2
PN-315698,PN-202676,OPT-39,SM1,,,SM4,,,2
PN-315700,PN-202675,OPT-39,SM8,,,SM1,,,2
PN-315702,PN-202677,OPT-39,SM8,,,SM1,,,2
PN-315704,PN-202676,OPT-39,SM1,,,SM4,,,2
PN-318621,PN-318619,PILOT-16,SM4,,,SM4,,,4
PN-319837,PN-319831,POINT-46,SM4,,,SM4,,,9
PN-322140,PN-157131,OPT-34,SM4,,,SM4,,,3
PN-322644,PN-322643,NG69-6,SM4,,,SM4,,,4
PN-323214,PN-315709,SLC-12,SM8,,,,,,4
PN-323921,PN-323920,PILOT-16,SM4,,,SM4,,,4
PN-324857,PN-128024,CMX-14,SM2,,,SM2,,,2
PN-324859,PN-109648,CMX-10,SM5,,,SM1,,,2
PN-328958,93427291,OPT-6,,,,,,,6
PN-328960,93427291,OPT-6,SM1,,,SM1,,,6
PN-328962,93432691,OPT-22,SM1,,,SM1,,,3
PN-328964,93435091,OPT-22,SM1,,,SM1,,,3
PN-328968,PN-153454,OPT-21A,SM5,,,SM5,,,3
PN-328973,PN-164979,MLX-22,SM4,,,SM4,,,3
PN-328979,PN-164982,MLX-22,SM4,,,SM4,,,3
PN-328981,PN-164985,MLX-22,SM4,,,SM4,,,6
PN-328983,PN-164988,MLX-22,SM4,,,SM4,,,6
PN-329972,PN-307312,5069-6,SM3,,,SM3,,,4
PN-329982,PN-329644,PILOT-16,SM4,,,SM4,,,6
PN-330195,PN-330193,PILOT-16,SM4,,,SM4,,,6
PN-330196,PN-330194,PILOT-16,SM4,,,SM4,,,4
PN-330668,PN-171399,FLEX-2,SM8,,,SM8,,,6
PN-330669,PN-168126,FLEX-2,SM8,,,SM8,,,6
PN-330813,93426491,OPT-2,SM1,,,SM1,,,24
PN-330814,93435691,OPT-15,SM4,,,,,,20
PN-330971,PN-330968,PILOT-16,SM4,,,SM4,,,6
PN-331633,PN-331632,PILOT-16,SM4,,,SM4,,,6
PN-334070,PN-334063,PEN-1,,,,,,,4
PN-334303,PN-334300,PEN-11,,,,,,,8
PN-334304,PN-334302,PEN-2,,,,,,,8
PN-334314,PN-116916,CMX-21,SM1,,,SM1,,,2
PN-334592,PN-329979,PILOT-16,SM4,,,SM4,,,6
PN-335001,PN-349452,PILOT-16,SM4,,,SM4,,,9
PN-335003,PN-334988,PILOT-16,SM4,,,SM4,,,4
PN-336098,PN-336099,PILOT-16,SM4,,,SM4,,,6
PN-337123,PN-337121,CLX-8,,,,,,,2
PN-337663,PN-128024,CMX-14,SM2,,,SM2,,,2
PN-337801,PN-323920,PILOT-16,SM4,,,SM4,,,4
PN-338727,PN-109648,CMX-10,SM5,,,SM1,,,2
PN-338734,PN-128024,CMX-14,SM2,,,SM2,,,2
PN-340279,PN-340272,PILOT-16,SM4,,,SM4,,,6
PN-341297,PN-116916,CMX-21,SM1,,,SM1,,,2
PN-341340,PN-341336,PILOT-16,SM4,,,SM4,,,6
PN-342293,PN-164981,MLX-14,SM8,,,SM8,,,3
PN-342294,PN-161577,MLX-14,SM8,,,SM8,,,4
PN-342295,PN-164983,MLX-14,SM8,,,SM8,,,3
PN-342296,PN-164986,MLX-14,SM8,,,SM8,,,4
PN-342841,PN-128024,CMX-14A,SM4,,,SM4,,,2
PN-342843,PN-109648,CMX-10A,SM1,,,SM1,,,2
PN-342845,PN-119870,CMX-15,,,,,,,3
PN-346295,PN-129940,POINT-78,SM5,,,SM5,,,9
PN-346296,PN-129940,POINT-78,SM5,,,SM5,,,9
PN-346643,PN-346642,PILOT-16,SM4,,,SM4,,,4
PN-347046,PN-347143,POINT-7,SM4,,,SM4,,,6
PN-347378,PN-347375,PILOT-16,SM4,,,SM4,,,8
PN-347426,PN-347427,PILOT-16,SM4,,,SM4,,,2
PN-347502,PN-347500,PILOT-16,SM4,,,SM4,,,3
PN-348565,PN-348570,PILOT-16,SM4,,,SM4,,,6
PN-348571,PN-348572,PILOT-16,SM4,,,SM4,,,6
PN-349449,PN-103435,FLEX-53,,,,,,,
PN-349723,40870-032-04,MLX-48,,,,,,,3
PN-349869,PN-349868,PEN-3,SM4,,,SM4,,,3
PN-350398,PN-350397,PILOT-16,SM4,,,SM4,,,4
PN-350713,PN-103435,FLEX-53,,,,,,,
PN-350846,PN-309953,PEN-4A,SM1,,,SM1,,,3
PN-350875,PN-350873,PILOT-16,SM4,,,SM4,,,4
PN-350993,PN-309621,PEN-4A,SM1,,,SM1,,,3
PN-350994,PN-309621,PEN-4A,SM1,,,SM1,,,3
PN-351013,PN-182647,MLX-5,SM4,,,SM4,,,3
PN-351016,PN-182647,PILOT-16,SM4,,,SM4,,,3
PN-351018,40870-012-03,MLX-16,SM4,,,SM4,,,3
PN-351020,40870-012-03,PILOT-16,SM4,,,SM4,,,3
PN-351037,PN-308176,PEN-6,SM1,,,SM1,,,4
PN-351226,PN-351222,PILOT-16,SM4,,,SM4,,,4
PN-351391,PN-351389,NEEDS DEFINED,SM4,,,SM4,,,6
PN-354497,PN-309415,5069-12,SM1,,,SM1,,,2
PN-354790,PN-354789,PILOT-16,SM4,,,SM4,,,2
PN-355108,92422091,POINT-28,SM7,,,SM7,,,6
PN-355111,PN-152759,POINT-56,SM4,,,SM1,,,4
PN-355113,PN-185243,POINT-67,SM5,,,SM2,,,4
PN-356366,PN-356367,PILOT-16,SM4,,,SM4,,,2
PN-356627,PN-356588,SLC-38,SM8,,,SM8,,,4
PN-357372,PN-274666,PILOT-16,SM4,,,SM4,,,2
PN-357456,PN-357222,SLC-38,SM8,,,SM8,,,4
PN-357457,PN-357223,SLC-11,SM8,,,,,,4
PN-357458,PN-357224,SLC-28,,,,,,,4
PN-357459,PN-363303,SLC-11,,,,,,,4
PN-357623,PN-315709,SLC-12,SM8,,,,,,4
PN-362954,PN-362951,TB-2,,,,SM7,,,6
PN-362955,PN-362951,TB-2,,,,SM7,,,6
PN-362974,PN-362972,TB-2,,,,SM7,,,6
PN-362975,PN-362972,TB-2,,,,SM7,,,6
PN-363307,PN-363306,TB-2,,,,SM7,,,6
PN-363308,PN-363306,TB-2,,,,SM7,,,6
PN-363317,PN-363315,TB-2,,,,SM7,,,6
PN-363940,PN-363146,PILOT-16,SM4,,,SM4,,,8
PN-363960,PN-314787,PILOT-16,SM4,,,SM4,,,7
PN-363970,PN-314794,PILOT-16,SM4,,,SM4,,,7
PN-364972,PN-363145,PEN-14,SM8,,,,,,8
PN-364983,PN-363144,PILOT-16,SM4,,,SM4,,,3
PN-364986,PN-169730,FLEX-14,SM8,,,SM4,,,4
PN-364997,PN-314791,PEN-5A,SM4,,,SM4,,,4
PN-365001,PN-314796,PILOT-16,SM4,,,SM4,,,3
PN-365013,PN-314790,PEN-16,SM4,,,SM4,,,4
PN-365014,PN-314795,PILOT-16,SM4,,,SM4,,,3
PN-365019,PN-314797,PEN-12,SM5,,,,,,3
PN-365027,PN-314793,PEN-12,SM5,,,,,,3
PN-365158,PN-160294,MLX-15,,,,,,,2
PN-365160,PN-160294,MLX-15,,,,,,,2
PN-366109,PN-366085,PILOT-16,SM4,,,SM4,,,4
PN-366117,PN-366114,PILOT-16,SM4,,,SM4,,,4
PN-366129,PN-366126,PILOT-16,SM4,,,SM4,,,4
PN-366133,PN-366126,PILOT-16,SM4,,,SM4,,,4
PN-367521,PN-367567,POINT-41,SM2,,,SM2,,,9
PN-370325,PN-370324,PILOT-16,SM4,,,SM4,,,40
PN-370327,PN-370326,PILOT-16,SM4,,,SM4,,,4
PN-370349,PN-370348,PILOT-16,SM4,,,SM4,,,6
PN-370352,PN-370351,PILOT-16,SM4,,,SM4,,,4
PN-372009,40870-002-04,MLX-12,SM4,,,SM4,,,3
PN-372011,40870-002-04,PILOT-16,SM4,,,SM4,,,3
PN-377258,PN-375669,TB-2,,,,SM7,,,6
PN-381318,PN-334063,PEN-6,SM1,,,SM1,,,4
PN-383556,PN-103436,FLEX-50,SM1,,,SM1,,,6
PN-383558,PN-103436,FLEX-50,SM1,,,SM1,,,6
PN-384324,PN-384323,PILOT-16,SM4,,,SM4,,,3
PN-384507,PN-384508,PILOT-16,SM4,,,SM4,,,6
PN-388435,PN-129940,POINT-78,SM5,,,SM5,,,9
PN-388437,PN-129940,POINT-78,SM5,,,SM5,,,9
PN-389174,PN-311502,CMX-19,SM1,,,SM1,,,2
PN-389175,PN-309953,PEN-13,SM1,,,SM5,,,3
PN-389296,PN-349866,PEN-3,SM4,,,SM4,,,3
PN-389298,PN-389166,PEN-4A,SM1,,,SM1,,,3
PN-389299,PN-389166,PEN-4A,SM1,,,SM1,,,3
PN-389315,PN-308176,PEN-6,SM1,,,SM1,,,4
PN-390835,PN-347143,POINT-7,SM4,,,SM4,,,6
PN-391641,PN-391640,PEN-14,SM8,,,,,,8
PN-391861,PN-391860,PILOT-16,SM4,,,SM4,,,10
PN-392423,PN-314787,PEN-15,SM5,,,SM5,,,7
PN-392425,PN-314794,PEN-12,SM5,,,,,,7
PN-392430,PN-314795,PEN-12,SM5,,,,,,3
PN-392434,PN-363144,PEN-12,SM5,,,,,,3
PN-392446,PN-314796,PEN-12,SM5,,,,,,3
PN-392552,PN-392549,PILOT-16,SM4,,,SM4,,,4
PN-392554,PN-392549,PILOT-16,SM4,,,SM4,,,4
PN-393174,PN-198209,WUP-3,,,,,,,13
PN-393643,PN-393636,NEEDS DEFINED,SM4,,,SM4,,,2
PN-393644,PN-393638,NEEDS DEFINED,SM4,,,SM4,,,2
PN-393645,PN-393639,NEEDS DEFINED,SM4,,,SM4,,,6
PN-393908,PN-170649,OPT-1,SM1,,,SM1,,,24
PN-394032,PN-394027,NG94-TB-2,SM4,,,SM4,,,4
PN-394033,PN-394028,NG94-TB-2,SM4,,,SM4,,,4
PN-394035,PN-394030,PILOT-16,SM4,,,SM4,,,4
PN-394036,PN-394031,NG94-TB-2,SM8,,,SM8,,,4
PN-394095,PN-394094,PILOT-16,SM4,,,SM4,,,4
PN-394100,PN-394098,PILOT-16,SM4,,,SM4,,,4
PN-394309,PN-394304,PILOT-16,SM4,,,SM4,,,8
PN-394313,PN-394312,PILOT-16,SM4,,,SM4,,,4
PN-395829,PN-395827,PILOT-16,SM4,,,SM4,,,4
PN-397071,PN-397063,PILOT-16,SM4,,,SM4,,,4
PN-398101,PN-393575,PILOT-16,SM4,,,SM4,,,4
PN-400938,PN-424342,5069-5,SM3,,,SM3,,,4
PN-402953,PN-402951,PILOT-16,SM4,,,SM4,,,4
PN-402954,PN-394287,PILOT-16,SM4,,,SM4,,,4
PN-403039,PN-418633,NEEDS DEFINED,SM4,,,SM4,,,4
PN-403041,PN-403040,PILOT-16,SM4,,,SM4,,,4
PN-403071,PN-403069,PILOT-17,SM8,,,SM8,,,6
PN-403570,PN-429563,5069-22,SM8,,,SM8,,,4
PN-403614,PN-430018,5069-27,SM6,,,SM6,,,4
PN-403786,PN-403783,NEEDS DEFINED,SM4,,,SM4,,,9
PN-403788,PN-408113,NEEDS DEFINED,SM4,,,SM4,,,9
PN-403794,PN-403789,NEEDS DEFINED,SM4,,,SM4,,,9
PN-403795,PN-403789,NEEDS DEFINED,SM4,,,SM4,,,9
PN-403957,PN-394027,NG94-TB-2,SM8,,,SM8,,,4
PN-403958,PN-436930,NG94-TB-2,SM8,,,SM8,,,4
PN-403960,PN-394028,NG94-TB-2,SM8,,,SM8,,,4
PN-406279,PN-406278,PILOT-16,SM4,,,SM4,,,10
PN-407140,PN-406816,PILOT-16,SM4,,,SM4,,,10
PN-407328,PN-407327,PILOT-16,SM4,,,SM4,,,4
PN-407330,PN-407327,PILOT-16,SM4,,,SM4,,,4
PN-407335,PN-407334,PILOT-16,SM4,,,SM4,,,4
PN-407338,PN-407337,PILOT-16,SM4,,,SM4,,,4
PN-407928,PN-407927,5069-18,SM7,,,SM7,,,2
PN-407968,PN-168126,FLEX-35,SM8,,,SM8,,,6
PN-407970,PN-171399,FLEX-35,SM8,,,SM8,,,6
PN-408396,PN-408395,PILOT-16,SM4,,,SM4,,,6
PN-408401,PN-408400,NEEDS DEFINED,SM4,,,SM4,,,6
PN-408900,PN-408899,2PART-1,SM7,,,,,,9
PN-409439,PN-409436,PILOT-16,SM4,,,SM4,,,2
PN-409608,PN-311500,CMX-34,SM1,,,SM1,,,2
PN-409835,PN-409834,MLX-48A,SM2,,,SM2,,,3
PN-409845,PN-409844,PEN-17,,,,,,,8
PN-409847,PN-409846,PEN-14,SM8,,,,,,8
PN-410209,PN-41493,PWC-1,,,,SM8,,,1
PN-410232,PN-410230,POINT-71A,SM1,,,SM1,,,6
PN-410766,PN-194832,CLX-10,,,,,,,2
PN-411024,PN-403038,PILOT-16,SM4,,,SM4,,,4
PN-411695,PN-411694,NEEDS DEFINED,SM4,,,SM4,,,4
PN-411768,PN-334063,PEN-6,SM1,,,SM1,,,4
PN-411772,PN-334300,PEN-10,SM4,,,SM4,,,8
PN-411985,PN-278427,CMX-13,SM7,,,,,,2
PN-412218,PN-412217,NEEDS DEFINED,SM4,,,SM4,,,6
PN-412623,40870-002-04,MLX-12A,,,,SM4,,,3
PN-412625,40870-002-04,MLX-12A,SM4,,,SM4,,,3
PN-412627,40870-012-03,NEEDS DEFINED,SM4,,,SM4,,,3
PN-412629,40870-012-03,NEEDS DEFINED,SM4,,,SM4,,,3
PN-413450,PN-413449,PILOT-17,SM8,,,SM8,,,6
PN-414269,PN-278427,CMX-13,SM7,,,,,,2
PN-414598,PN-414599,NEEDS DEFINED,SM4,,,SM4,,,2
PN-414752,PN-414751,NEEDS DEFINED,SM4,,,SM4,,,4
PN-414754,PN-414753,NEEDS DEFINED,SM4,,,SM4,,,4
PN-414759,PN-414758,NEEDS DEFINED,SM4,,,SM4,,,2
PN-416479,PN-416478,PILOT-17,SM8,,,SM8,,,6
PN-416726,PN-393640,NEEDS DEFINED,SM4,,,SM4,,,4
PN-416729,PN-393642,NEEDS DEFINED,SM4,,,SM4,,,2
PN-417104,PN-417103,NEEDS DEFINED,SM4,,,SM4,,,4
PN-417636,PN-309703,5069-20,SM4,,,SM4,,,2
PN-417896,PN-393636,NEEDS DEFINED,SM4,,,SM4,,,2
PN-418240,PN-418239,NG94-TB-2,SM8,,,SM8,,,4
PN-418247,PN-418246,POINT-57,SM2,,,SM2,,,4
PN-418613,PN-418609,NEEDS DEFINED,SM4,,,SM4,,,4
PN-418625,PN-418624,NEEDS DEFINED,SM4,,,SM4,,,35
PN-418629,PN-418628,NEEDS DEFINED,SM4,,,SM4,,,4
PN-418632,PN-418631,NEEDS DEFINED,SM4,,,SM4,,,6
PN-421271,PN-421270,EER2017,SM1,,,SM1,,,2
PN-422779,PN-422777,NEEDS DEFINED,SM4,,,SM4,,,2
PN-423188,PN-406010,NEEDS DEFINED,SM4,,,SM4,,,3
PN-428119,PN-389756,VIEW E-2,,,,,,,8
PN-428131,PN-389754,VIEW E-4,,,,,,,8
PN-428448,PN-428447,NEEDS DEFINED,SM4,,,SM4,,,6
PN-429509,PN-429512,OPT-3,SM1,,,SM1,,,24
PN-430023,PN-430024,5069-12,SM1,,,SM1,,,2
PN-430032,PN-430024,5069-12,SM1,,,SM1,,,2
PN-430229,PN-430230,NEEDS DEFINED,SM8,,,SM8,,,2
PN-431068,PN-258158,SLC-40,SM8,,,SM8,,,4
PN-431090,PN-258158,SLC-40,SM8,,,SM8,,,4
PN-431340,PN-431338,NEEDS DEFINED,SM4,,,SM4,,,10
PN-434256,PN-434255,PILOT-17,SM8,,,SM8,,,4
PN-434258,PN-434257,PILOT-17,SM8,,,SM8,,,4
PN-435031,PN-435025,NEEDS DEFINED,SM4,,,SM4,,,10
PN-436931,PN-436930,NG94-TB-2,SM8,,,SM8,,,4
PN-438235,PN-438234,PILOT-17,SM4,,,SM4,,,9
PN-438564,PN-389756,VIEW E-2,,,,,,,8
PN-442867,PN-109648,CMX-10A,SM1,,,SM1,,,2
PN-442878,PN-278427,CMX-13,SM7,,,,,,2
PN-442978,PN-278427,CMX-13,SM7,,,,,,2
PN-442980,PN-128024,CMX-14A,SM4,,,SM4,,,2
PN-443949,PN-443957,PILOT-17,SM4,,,SM4,,,2
PN-447067,PN-447068,NEEDS DEFINED,SM4,,,SM4,,,4
PN-447930,PN-412217,POINT-3A,SM7,,,SM2,,,6
PN-448018,PN-448017,PILOT-17,SM4,,,SM4,,,9
PN-450822,PN-261096,SLC-42,,,,,,,6
PN-451600,PN-451599,NG69-11,SM4,,,SM4,,,2
PN-451859,PN-394031,NG94-TB-2,SM8,,,SM8,,,4
PN-451860,PN-418239,NG94-TB-2,SM8,,,SM8,,,4
PN-454278,PN-454265,PILOT-17,SM4,,,SM4,,,4
PN-454823,PN-409436,5069-14,SM7,,,SM7,,,2
PN-456187,PN-456188,PILOT-17,SM8,,,SM8,,,4
PN-456192,PN-456660,PILOT-17,SM8,,,SM8,,,4
PN-456198,PN-418624,2PART-1,SM7,,,,,,35
PN-456290,92427091,POINT-20,SM4,,,SM4,,,6
PN-456291,92429891,POINT-75,SM8,,,SM8,,,10
PN-456635,PN-448996,OPT-21A,SM5,,,SM5,,,3
PN-458715,PN-458534,PILOT-17,SM4,,,SM4,,,6
PN-461681,PN-109648,CMX-10A,,,,,,,2
PN-462312,PN-462311,PILOT-17,SM8,,,SM8,,,4
PN-462314,PN-462313,PILOT-17,SM8,,,SM8,,,8
PN-462317,PN-462316,PILOT-17,SM8,,,SM8,,,4
PN-462319,PN-462318,PILOT-17,SM8,,,SM8,,,4
PN-462881,PN-462882,5094-10,SM1,,,SM1,,,6
PN-464444,PN-481560,HB-1,,,,,,,4
PN-465346,PN-61304,CLX-16,SM8,,,SM8,,,15
PN-465347,PN-61304,CLX-16,SM8,,,SM8,,,15
PN-465394,PN-465393,POINT-7,SM4,,,SM4,,,6
PN-467210,PN-467205,CMX-22A,SM1,,,SM1,,,4
PN-467773,PN-467772,PILOT-17,SM4,,,SM4,,,4
PN-467774,PN-467770,PILOT-17,SM4,,,SM4,,,4
PN-468062,PN-468061,PILOT-17,SM4,,,SM4,,,8
PN-468065,PN-468063,PILOT-17,SM4,,,SM4,,,4
PN-470659,PN-456188,5094-11,SM7,,,SM7,,,4
PN-471086,PN-471085,PILOT-17,SM8,,,SM8,,,10
PN-471232,PN-64845,FLEX-4,SM7,,,SM6,,,6
PN-473131,PN-473132,PILOT-17,SM8,,,SM8,,,2
PN-473318,PN-473311,CLX-4,,,,,,,2
PN-474185,PN-474184,PILOT-17,SM8,,,SM8,,,2
PN-474319,PN-474317,PILOT-17,SM8,,,SM8,,,4
PN-474320,PN-474318,PILOT-17,SM8,,,SM8,,,4
PN-474321,PN-431338,NG94-TB-1,SM8,,,SM8,,,10
PN-476374,PN-476021,POINT-57,SM2,,,SM2,,,4
PN-476905,PN-340272,OPT-37A,SM1,,,SM1,,,6
PN-477948,PN-393575,NG94-TB-2,SM5,,,SM5,,,4
PN-477949,PN-393575,NG94-TB-2,SM5,,,SM5,,,4
PN-478223,PN-479817,POINT-81,SM5,,,SM5,,,4
PN-478228,PN-479817,POINT-81,SM5,,,SM5,,,4
PN-478361,PN-478359,NG94-TB-2,SM8,,,SM8,,,4
PN-478371,PN-147908,POINT-53B,SM1,,,SM1,,,9
PN-478379,PN-147908,POINT-53B,SM1,,,SM1,,,9
PN-478381,PN-147908,POINT-53B,SM1,,,SM1,,,9
PN-479270,PN-184251,POINT-64,,,,,,,9
PN-479392,PN-170657,POINT-66A,SM5,,,SM5,,,9
PN-479394,PN-170657,POINT-66A,SM5,,,SM5,,,9
PN-479395,PN-170657,POINT-66A,SM5,,,SM5,,,9
PN-479396,PN-169721,POINT-73,,,,,,,6
PN-479403,92407091,POINT-45,,,,,,,9
PN-479414,PN-184391,POINT-64,,,,,,,9
PN-479415,PN-184527,POINT-49A,,,,,,,6
PN-479419,92408291,POINT-45,,,,,,,9
PN-479717,PN-310134,PEN-8A,SM4,,,SM4,,,8
PN-479720,PN-313452,PEN-19,SM4,,,SM4,,,4
PN-479722,PN-349868,PEN-3A,SM8,,,SM8,,,3
PN-479723,PN-313451,PEN-18,,,,,,,3
PN-479724,PN-349866,PEN-18,,,,,,,3
PN-479725,PN-310141,PEN-8A,SM4,,,SM4,,,8
PN-479726,PN-310142,PEN-9,SM4,,,SM4,,,8
PN-479727,PN-310138,PEN-9,SM4,,,SM4,,,8
PN-479728,PN-309972,PEN-5,SM4,,,SM4,,,4
PN-479803,PN-314787,PEN-21,SM8,,,,,,7
PN-479804,PN-314790,PEN-20,SM4,,,SM4,,,4
PN-480271,PN-458534,NEO-10,SM8,,,SM8,,,6
PN-480382,PN-480381,PEN-6A,SM4,,,SM4,,,4
PN-481562,PN-456660,NG94-1,SM8,,,SM8,,,4
PN-481682,PN-411694,POINT-68,SM2,,,SM2,,,4
PN-481683,PN-418246,POINT-56A,SM2,,,SM2,,,4
PN-482196,PN-482198,MLX-12B,SM8,,,SM4,,,3
PN-482197,PN-482198,MLX-12B,SM8,,,SM4,,,3
PN-486113,PN-134608,FLEX-74,SM4,,,SM4,,,6
PN-486139,92423891,FLEX-48A,,,,,,,12
PN-486144,92423891,FLEX-48A,SM5,,,SM5,,,12
PN-486164,92423291,FLEX-48A,,,,,,,12
PN-486165,92423291,FLEX-48A,,,,,,,12
PN-486167,PN-122547,FLEX-56,SM8,,,SM8,,,6
PN-486259,PN-119870,CMX-15A,SM1,,,SM1,,,3
PN-486366,PN-169730,FLEX-14A,SM8,,,SM8,,,4
PN-488742,PN-169730,FLEX-14A,SM8,,,SM8,,,4
PN-488927,PN-103436,FLEX-50A,SM4,,,SM4,,,6
PN-490011,PN-103436,FLEX-50A,SM4,,,SM4,,,6
PN-490515,PN-315709,SLC-46,SM8,,,,,,4
PN-490532,PN-357222,SLC-38A,,,,,,,4
PN-492358,PN-412217,POINT-3A,SM7,,,SM2,,,6
PN-494143,PN-438234,POINT-63,SM4,,,SM4,,,9
PN-496344,PN-496343,MLX-50,SM8,,,SM8,,,3
PN-496346,PN-496343,MLX-50,SM8,,,SM8,,,3
PN-497006,PN-539048,FLEX-66,SM8,,,SM8,,,2
PN-497008,PN-539048,FLEX-66,SM8,,,SM8,,,2
PN-497009,PN-539048,FLEX-66,SM8,,,SM8,,,2
PN-497010,PN-539048,FLEX-66,SM8,,,SM8,,,2
PN-49712,PN-49711,CLX-2,,,,,,,24
PN-497900,PN-497901,5094-10A,SM3,,,SM3,,,6
PN-504537,PN-504536,POINT-31,SM2,,,SM2,,,9
PN-504542,PN-504536,POINT-31,SM2,,,SM2,,,9
PN-505518,PN-249915,CLX-20,,,,,,,2
PN-510108,PN-311502,CMX-19,,,,,,,2
PN-510109,PN-311500,CMX-34,SM1,,,SM1,,,2
PN-510159,PN-485527,5094-9,SM4,,,SM4,,,2
PN-510160,PN-434255,5094-3,SM1,,,SM1,,,4
PN-510161,PN-434257,5094-3,SM5,,,SM5,,,4
PN-511976,PN-448996,OPT-21A,SM5,,,SM5,,,3
PN-511998,PN-152461,OPT-20,SM5,,,SM5,,,3
PN-512352,92425091,FLEX-16A,SM8,,,SM8,,,6
PN-512354,92425091,FLEX-16A,SM8,,,SM8,,,6
PN-512422,PN-502767,CLX-30,,,,,,,2
PN-512978,PN-152021,POINT-60A,SM8,,,SM8,,,9
PN-512979,PN-152021,POINT-60A,SM8,,,SM8,,,9
PN-513134,PN-513133,5064-1,SM1,,,SM1,,,10
PN-516757,PN-309818,5069-24,SM8,,,SM8,,,12
PN-516978,PN-147904,POINT-51A,SM2,,,SM2,,,9
PN-516980,PN-147904,POINT-51A,SM2,,,SM2,,,9
PN-516982,PN-147904,POINT-51A,SM2,,,SM2,,,9
PN-517526,PN-313451,PEN-3A,SM8,,,SM8,,,3
PN-517529,PN-349866,PEN-3A,SM8,,,SM8,,,3
PN-520207,PN-311500,CMX-34A,,,,,,,2
PN-520208,PN-311502,CMX-19A,SM1,,,SM1,,,2
PN-521630,PN-79128,CLX-7,,,,,,,10
PN-521634,PN-79128,CLX-7,,,,,,,10
PN-522196,PN-502089,5069-3,SM1,,,SM1,,,4
PN-522198,PN-502576,5069-4,SM8,,,SM8,,,6
PN-522201,PN-498789,5069-2,SM1,,,SM1,,,2
PN-523875,PN-574711,WUP-4A,,,,,,,13
PN-523885,PN-198209,WUP-3A,,,,,,,13
PN-523889,PN-198209,WUP-3A,,,,,,,13
PN-523890,PN-234782,WUP-6A,,,,,,,13
PN-523891,PN-234782,WUP-6A,,,,,,,13
PN-523892,PN-234796,WUP-5A,,,,,,,13
PN-523893,PN-234796,WUP-5A,,,,,,,13
PN-523894,PN-198209,WUP-3A,,,,,,,13
PN-523898,PN-198209,WUP-3A,,,,,,,13
PN-523899,PN-198209,WUP-3A,,,,,,,13
PN-523900,PN-198209,WUP-3A,,,,,,,13
PN-523901,PN-198209,WUP-3A,,,,,,,13
PN-523902,PN-234796,WUP-5A,,,,,,,13
PN-523903,PN-389072,WUP-4A,,,,,,,13
PN-524750,PN-524746,CLX-19,SM8,,,SM8,,,2
PN-524753,PN-524746,CLX-19,SM8,,,SM8,,,2
PN-525455,PN-504536,POINT-31,SM2,,,SM2,,,9
PN-525457,PN-504536,POINT-31,SM2,,,SM2,,,9
PN-528702,PN-505138,5094-4,SM1,,,SM1,,,4
PN-529439,PN-505139,5094-4,SM1,,,SM1,,,4
PN-533236,PN-448996,OPT-21A,SM5,,,SM5,,,3
PN-533256,PN-389166,PEN-4B,SM4,,,SM4,,,3
PN-533257,PN-389166,PEN-4B,SM4,,,SM4,,,3
PN-533258,PN-308176,PEN-6A,SM4,,,SM4,,,4
PN-533259,PN-334063,PEN-6A,SM4,,,SM4,,,4
PN-533260,PN-15621,POINT-34A,,,,,,,9
PN-533261,PN-15623,POINT-34A,,,,,,,9
PN-533262,PN-181262,POINT-61A,SM2,,,SM2,,,8
PN-533263,PN-150650,POINT-61A,SM2,,,SM2,,,4
PN-533264,PN-246038,MARIO-2,SM2,,,SM2,,,3
PN-533290,PN-358386,CLX-9,SM1,,,SM1,,,2
PN-533782,PN-151729,POINT-33,SM4,,,SM4,,,9
PN-533783,PN-157863,POINT-78,,,,,,,9
PN-533785,92407091,POINT-45,,,,,,,9
PN-533786,92408291,POINT-45,SM5,,,SM5,,,9
PN-533787,92436892,POINT-2,SM4,,,SM4,,,6
PN-533788,92436691,POINT-24,SM5,,,SM5,,,6
PN-533789,92412091,POINT-32A,SM4,,,SM4,,,9
PN-533790,92412091,POINT-32A,SM4,,,SM4,,,9
PN-533791,92412091,POINT-32A,SM4,,,SM4,,,9
PN-535411,PN-498836,5069-1,SM1,,,SM1,,,4
PN-536435,PN-478359,NG94-TB-2,SM8,,,SM8,,,4
PN-538497,PN-546347,SPOINT-2,,,,,,,9
PN-538498,PN-546347,SPOINT-2,,,,,,,9
PN-538499,PN-462504,SPOINT-1,,,,,,,9
PN-538500,PN-462504,SPOINT-1,,,,,,,9
PN-542465,PN-389239,CLX-6,,,,,,,2
PN-542522,PN-542521,NEO-13,SM8,,,SM8,,,4
PN-542524,PN-542523,NEO-13,SM8,,,SM8,,,4
PN-542721,PN-542724,5069-11,SM1,,,SM1,,,2
PN-542823,PN-61303,CLX-17,,,,SM8,,,2
PN-543433,PN-142387,NEO-1,SM2,,,SM2,,,4
PN-543449,PN-142384,NEO-4,SM2,,,SM2,,,6
PN-543719,PN-141014,NEO-3,SM5,,,SM5,,,4
PN-543724,PN-143458,NEO-3,,,,,,,4
PN-543732,PN-170652,OPT-16,SM2,,,SM2,,,24
PN-543865,PN-543864,NEO-15,SM5,,,SM5,,,6
PN-544201,PN-544200,NEO-17,SM5,,,SM8,,,4
PN-544345,PN-511410,CMX-10B,SM4,,,SM4,,,2
PN-544361,PN-544366,NEEDS DEFINED,SM4,,,SM4,,,10
PN-544938,PN-334300,PEN-10A,SM4,,,SM4,,,8
PN-544940,PN-309972,PEN-5,,,,,,,4
PN-544942,PN-409846,PEN-14,,,,,,,8
PN-545745,PN-409436,5069-14,SM7,,,SM7,,,2
PN-546391,PN-122547,FLEX-56,SM8,,,SM8,,,6
PN-546399,PN-168126,FLEX-35,SM8,,,SM8,,,6
PN-546423,PN-171399,FLEX-35,SM8,,,SM8,,,6
PN-549365,PN-61303,CLX-17,,,,SM8,,,2
PN-549366,PN-61303,CLX-17,,,,SM8,,,2
PN-549367,PN-61303,CLX-17,,,,SM8,,,2
PN-549384,PN-549383,NEO-13,SM8,,,SM8,,,6
PN-549839,PN-246038,MARIO-2,SM2,,,SM2,,,3
PN-550031,PN-550030,NEO-13,SM8,,,SM8,,,4
PN-550037,PN-550035,NEO-15,SM5,,,SM5,,,6
PN-550311,PN-274266,POINT-9,SM7,,,SM7,,,9
PN-550411,PN-413797,CLX-18,SM1,,,SM1,,,2
PN-550793,PN-311502,CMX-19A,SM1,,,SM1,,,2
PN-551026,PN-551024,5094-5,SM4,,,SM4,,,6
PN-551028,PN-424342,5069-5,SM3,,,SM3,,,4
PN-551029,PN-429563,5069-22,SM8,,,SM8,,,4
PN-551031,PN-346642,5069-23,SM1,,,SM1,,,4
PN-551032,PN-498789,5069-2,SM1,,,SM1,,,2
PN-551037,PN-309415,5069-12,,,,,,,2
PN-551040,PN-430024,5069-12,,,,,,,2
PN-551041,PN-502089,5069-3,SM1,,,SM1,,,4
PN-551042,PN-498836,5069-1,SM1,,,SM1,,,4
PN-551272,PN-188985,CMX-2,SM2,,,SM2,,,4
PN-551450,PN-421270,OPT-19,,,,,,,2
PN-55250,PN-31693,FLEX-9,SM8,,,SM8,,,2
PN-552686,,5069-9,SM1,,,SM1,,,4
PN-552859,PN-430024,5069-12,SM1,,,SM1,,,2
PN-553956,93426491,OPT-2,SM1,,,SM1,,,24
PN-553961,PN-553964,FLEX-7,SM8,,,SM8,,,9
PN-553966,PN-282410,FLEX-1,SM8,,,SM8,,,4
PN-554228,PN-505139,5094-4,SM1,,,SM1,,,4
PN-554229,PN-505138,5094-4,SM1,,,SM1,,,4
PN-554231,PN-554230,5069-8A,SM1,,,SM1,,,1
PN-554546,PN-144308,NEO-6,SM8,,,,,,20
PN-555531,PN-555530,5094-7,SM4,,,SM4,,,4
PN-555533,PN-555532,5094-7,SM4,,,SM4,,,4
PN-55579,PN-94891,FLEX-7,SM8,,,SM8,,,9
PN-55583,PN-64845,FLEX-4,SM7,,,SM6,,,6
PN-556614,207562,FLEX-70,SM4,,,SM4,,,12
PN-558817,PN-558816,JQS-1,,,,,,,42
PN-560043,PN-409436,5069-14,SM7,,,SM7,,,2
PN-560048,PN-542724,5069-11,SM1,,,SM1,,,2
PN-560051,PN-409436,5069-14,SM7,,,SM7,,,2
PN-560057,PN-407927,5069-18,SM7,,,SM7,,,2
PN-560059,PN-407927,5069-18,SM7,,,SM7,,,2
PN-560214,PN-560213,5069-15,SM1,,,SM1,,,2
PN-560216,PN-560215,PILOT-20,,,,,,,6
PN-560728,PN-246038,MARIO-2,SM2,,,SM2,,,3
PN-560947,PN-560950,5094-8,SM4,,,SM4,,,4
PN-561754,PN-128024,CMX-14A,SM4,,,SM4,,,2
PN-561755,PN-119870,CMX-15A,SM1,,,SM1,,,3
PN-561756,PN-128325,CMX-3,SM2,,,SM2,,,10
PN-561757,PN-204990,CMX-8A,SM8,,,SM8,,,10
PN-562120,PN-480678,5069-9,SM1,,,SM1,,,4
PN-562435,PN-562434,CMX-6,SM8,,,,,,2
PN-562787,PN-562786,5069-16,SM8,,,,,,6
PN-562794,PN-562793,5069-17,SM8,,,,,,2
PN-562799,PN-504874,5069-14,SM7,,,SM7,,,2
PN-562802,PN-562801,5069-11,SM1,,,SM1,,,1
PN-562841,PN-562837,CLX-20,SM8,,,SM8,,,2
PN-563178,PN-246038,MARIO-2,SM2,,,SM2,,,3
PN-563673,PN-462504,SPOINT-1,,,,,,,
PN-563739,PN-561929,CLX-9,SM1,,,SM1,,,2
PN-565498,PN-565500,5069-13,SM2,,,SM2,,,2
PN-566080,PN-393802,CLX-9,SM1,,,SM1,,,2
PN-566330,PN-539066,5069-11,SM1,,,SM1,,,2
PN-568025,PN-438234,POINT-63,SM2,,,SM2,,,9
PN-568692,PN-568691,PILOT-20,,,,,,,1
PN-568756,PN-568755,CLX-14,,,,,,,24
PN-569285,PN-511410,CMX-10B,SM4,,,SM4,,,2
PN-570853,PN-570852,OPT-41,SM6,,,SM6,,,3
PN-570871,PN-555925,5094-6,SM4,,,SM4,,,4
PN-570872,PN-555927,5094-6,SM4,,,SM4,,,4
PN-571996,PN-554230,5069-8B,SM3,,,SM3,,,1
PN-572118,PN-572117,5094-6,SM4,,,SM4,,,4
PN-572246,PN-393575,NG94-TB-2,SM8,,,SM1,,,4
PN-574141,PN-572791,CLX-8,,,,,,,2
PN-574173,PN-393575,NG94-TB-2,,,,,,,4
PN-574475,PN-574476,OPT-44,SM8,,,SM8,,,2
PN-574478,PN-574479,OPT-42,SM8,,,SM8,,,2
PN-574674,PN-574479,OPT-42,SM8,,,SM8,,,2
PN-574675,PN-574476,OPT-44,SM8,,,SM8,,,2
PN-574676,PN-574474,OPT-42,SM8,,,SM8,,,2
PN-574712,PN-574711,WUP-4,,,,,,,13
PN-575494,PN-549881,CLX-15,,,,,,,12
PN-579802,PN-578963,5094-7,SM4,,,SM4,,,4
PN-584512,PN-568758,CLX-26,,,,,,,2
PN-584513,PN-568758,CLX-26,,,,,,,2
PN-584514,PN-568758,CLX-27,,,,,,,2
PN-584515,PN-568758,CLX-27,,,,,,,2
PN-585989,PN-480678,5069-9,,,,,,,4
PN-586992,PN-586991,CLX-25,SM1,,,SM1,,,2
PN-592538,PN-588752,VIEW E-3,,,,,,,8
PN-594239,PN-117885,RNG-2,SM8,,,SM8,,,24
PN-594247,PN-117885,RNG-2,SM8,,,SM8,,,24
PN-594248,PN-117888,RNG-2,SM8,,,SM8,,,12
PN-594249,PN-117888,RNG-2,SM8,,,SM8,,,12
PN-594250,PN-117888,RNG-2,SM8,,,SM8,,,12
PN-595061,PN-595060,CMX-35,SM4,,,SM4,,,2
PN-595109,PN-602002,PILOT-21,,,,,,,2
PN-595469,PN-319185,CLX-8,,,,,,,2
PN-596108,PN-15833,FLEX-38,SM1,,,SM1,,,4
PN-596110,PN-161568,FLEX-38A,SM1,,,SM1,,,4
PN-597706,PN-597705,CMX-15A,SM4,,,SM4,,,3
PN-600493,PN-600494,PILOT-21,,,,,,,2
PN-600496,PN-600497,5094-13,,,,,,,6
PN-600855,PN-600854,POINT-84,SM7,,,SM6,,,9
PN-602008,PN-602007,FLEX-56,SM3,,,SM3,,,6
PN-602022,PN-309703,5069-20,,,,,,,2
PN-603506,PN-418246,POINT-56A,SM3,,,SM3,,,4
PN-603758,PN-602422,CLX-33,,,,,,,2
PN-605525,PN-605524,POINT-83,SM5,,,SM5,,,9
PN-605526,PN-605524,POINT-83,SM5,,,SM5,,,9
PN-606503,PN-606504,FLEX-75,,,,,,,12
PN-608389,PN-610325,CLX-21,,,,,,,2
PN-608770,PN-539048,FLEX-76,SM8,,,SM8,,,2
PN-608771,PN-539048,FLEX-76,SM8,,,SM8,,,2
PN-608772,PN-539048,FLEX-76,SM8,,,SM8,,,2
PN-608806,PN-539048,FLEX-76,SM8,,,SM8,,,2
PN-608807,PN-539048,FLEX-76,SM8,,,SM8,,,2
PN-609653,PN-309972,PEN-5,,,,,,,4
PN-609657,PN-313452,PEN-19,,,,,,,4
PN-609659,PN-349868,PEN-3A,SM8,,,SM8,,,3
PN-609661,PN-349866,PEN-3A,SM8,,,SM8,,,3
PN-610324,PN-610325,CLX-21,,,,,,,2
PN-610656,PN-610660,CLX-22,,,,,,,2
PN-610659,PN-610660,CLX-22,,,,,,,2
PN-610967,PN-610964,CLX-34,,,,,,,2
PN-610978,PN-610964,CLX-34,,,,,,,2
PN-610980,PN-610964,CLX-34A,,,,,,,2
PN-611615,PN-610964,CLX-34,,,,,,,2
PN-611616,PN-610964,CLX-34A,,,,,,,2
PN-612224,PN-15833,FLEX-39,SM3,,,SM3,,,4
PN-612225,PN-161568,FLEX-39,SM3,,,SM3,,,4
PN-612227,PN-162123,FLEX-39,SM3,,,SM3,,,4
PN-613497,92421092,POINT-52,,,,,,,9
PN-613507,PN-152021,POINT-60A,SM8,,,SM8,,,9
PN-614680,PN-614679,CMX-3,SM2,,,SM2,,,10
PN-61533,PN-61419,CMX-2,SM2,,,SM2,,,4
PN-616259,PN-24172,POINT-16,SM7,,,SM2,,,9
PN-616276,PN-628619,CLX-36,,,,,,,2
PN-616279,PN-628624,CLX-36,,,,,,,2
PN-616284,PN-628625,CLX-35,,,,,,,2
PN-616287,PN-628632,CLX-36,,,,,,,2
PN-616691,PN-278427,CMX-13A,SM7,,,,,,2
PN-616692,PN-278427,CMX-13A,SM7,,,,,,2
PN-616756,PN-589834,FLEX-18,,,,,,,8
PN-616759,PN-589833,TB-2,,,,SM7,,,6
PN-616773,PN-589835,TB-2,,,,SM7,,,6
PN-616774,PN-589837,TB-2,,,,SM7,,,6
PN-618922,PN-589833,TB-2,,,,SM7,,,6
PN-618927,PN-589833,TB-2,,,,SM7,,,6
PN-618928,PN-589833,TB-2,,,,SM7,,,6
PN-618932,PN-589837,TB-2,,,,SM7,,,6
PN-620057,PN-15621,POINT-35,,,,,,,9
PN-620058,PN-15623,POINT-35A,,,,,,,9
PN-620612,PN-407927,5069-18,SM7,,,SM7,,,2
PN-620613,PN-407927,5069-18,SM7,,,SM7,,,2
PN-620619,PN-409436,5069-14,SM7,,,SM7,,,2
PN-620620,PN-409436,5069-14,SM7,,,SM7,,,2
PN-620622,PN-421270,OPT-19,,,,,,,2
PN-620623,PN-448996,OPT-21A,SM5,,,SM5,,,3
PN-620626,PN-340272,OPT-37A,,,,,,,6
PN-620994,PN-606504,FLEX-75,,,,,,,12
PN-62167,PN-15135,PVC-1,SM1,,,SM4,,,4
PN-62168,PN-15135,PVC-1,SM1,,,SM4,,,4
PN-62169,PN-15135,PVC-1,SM1,,,SM4,,,4
PN-621723,PN-621724,NEEDS DEFINED,SM5,,,SM5,,,9
PN-623623,PN-61303,CLX-17,,,,SM8,,,2
PN-623659,PN-61303,CLX-17,,,,SM8,,,2
PN-623744,PN-237189,CLX-15,SM8,,,SM8,,,12
PN-623757,PN-479817,POINT-81,SM3,,,SM3,,,4
PN-623761,PN-479817,POINT-81,SM3,,,SM3,,,4
PN-626611,PN-346642,5069-23,,,,,,,4
PN-627749,PN-589313,5094-14,SM4,,,SM4,,,4
PN-627917,PN-314794,PEN-12,,,,,,,7
PN-629752,PN-456660,5094-12,SM6,,,SM6,,,4
PN-629917,PN-152756,POINT-58,SM2,,,SM2,,,4
PN-629923,PN-479817,POINT-82,,,,,,,4
PN-629930,PN-479817,POINT-81,,,,,,,4
PN-629938,PN-629936,FLEX-56,SM5,,,SM5,,,6
PN-635727,PN-635728,PILOT-21,,,,,,,6
PN-635863,PN-642654,OPT-43,,,,,,,2
PN-635864,PN-642651,OPT-41,SM6,,,SM6,,,3
PN-637098,PN-429563,5069-22,,,,,,,4
PN-637104,PN-424342,5069-5,SM3,,,SM3,,,4
PN-63726,10309592,WUP-2,,,,,,,6
PN-637472,PN-589105,5094-15,SM4,,,SM4,,,4
PN-637488,PN-589106,5094-15,SM4,,,SM4,,,4
PN-637593,PN-628625,CLX-35,,,,,,,2
PN-637837,PN-542521,NEO-13,,,,,,,4
PN-637844,PN-542523,NEO-13,,,,,,,4
PN-637845,PN-543386,NEO-2,,,,,,,2
PN-637846,PN-549383,NEO-13,,,,,,,6
PN-637853,PN-550030,NEO-13,,,,,,,4
PN-638822,PN-546347,SPOINT-2,,,,,,,9
PN-638823,PN-546347,SPOINT-2,,,,,,,9
PN-639957,PN-565500,5069-13,SM2,,,SM2,,,2
PN-640519,PN-554230,5069-8B,SM3,,,SM3,,,1
PN-640731,PN-190091,SLC-35,,,,,,,4
PN-640754,PN-193189,SLC-37,,,,,,,4
PN-641082,PN-315709,SLC-46,,,,,,,4
PN-641365,PN-357224,SLC-28,,,,,,,4
PN-641377,PN-249491,SLC-34,,,,,,,4
PN-641674,PN-261085,SLC-40,,,,,,,4
PN-642043,PN-258158,SLC-40,,,,,,,4
PN-643162,PN-274266,POINT-9,SM7,,,SM7,,,9
PN-643407,PN-479817,POINT-82,,,,,,,4
PN-643408,PN-479817,POINT-81,,,,,,,4
PN-643507,PN-600494,PILOT-21,,,,,,,2
PN-644796,92422091,POINT-28,SM7,,,SM7,,,6
PN-644837,PN-543864,NEO-15,SM5,,,SM5,,,6
PN-645314,PN-555927,5064-6A,SM6,,,SM6,,,4
PN-645315,PN-572117,5064-6A,,,,,,,4
PN-648187,PN-599734,5069-21,SM3,,,SM3,,,2
PN-648872,PN-407927,5069-18,SM7,,,SM7,,,2
PN-649112,PN-542724,5069-11,,,,,,,2
PN-653524,PN-653522,5069-26,SM3,,,SM3,,,1
PN-653638,PN-653637,5069-19,SM4,,,SM4,,,2
PN-653891,PN-597705,CMX-15A,SM4,,,SM4,,,3
PN-653955,PN-595060,CMX-35,SM4,,,SM4,,,2
PN-654301,PN-589313,5094-14,,,,,,,4
PN-654313,PN-589106,5094-15,,,,,,,4
PN-654314,PN-589105,5094-15,,,,,,,4
PN-656919,PN-646807,FLEX-77,SM5,,,SM5,,,6
PN-656920,PN-646808,FLEX-77,SM5,,,SM5,,,6
PN-657460,PN-246038,MARIO-2,SM2,,,SM2,,,3
PN-657461,PN-68629,MARIO-1,,,,,,,6
PN-657957,PN-542512,NEO-7,SM1,,,SM1,,,6
PN-657958,PN-542515,NEO-16,SM5,,,SM5,,,6
PN-657960,PN-543420,NEO-14,SM1,,,SM1,,,4
PN-657961,PN-543860,NEO-9,SM2,,,SM2,,,4
PN-659914,PN-629225,OPT-20,SM5,,,SM5,,,3
PN-661542,PN-621724,POINT-87,,,,,,,9
PN-661543,PN-621724,POINT-87,,,,,,,9
PN-661544,PN-621724,POINT-87,,,,,,,9
PN-663598,PN-504536,POINT-86,,,,,,,9
PN-663600,PN-504536,POINT-86,,,,,,,9
PN-663602,PN-504536,POINT-86,,,,,,,9
PN-663943,PN-147904,POINT-51B,,,,,,,9
PN-663946,PN-147904,POINT-51B,,,,,,,9
PN-663948,PN-147904,POINT-51B,,,,,,,9
PN-663962,PN-663959,OPT-42,SM8,,,SM8,,,2
PN-663963,PN-663959,OPT-42,SM8,,,SM8,,,2
PN-665293,PN-504536,POINT-86,,,,,,,9
PN-665296,PN-504536,POINT-86,,,,,,,9
PN-665461,PN-147904,POINT-51B,,,,,,,9
PN-665463,PN-147904,POINT-51B,,,,,,,9
PN-665648,PN-129940,POINT-85,,,,,,,9
PN-665653,PN-129940,POINT-85,,,,,,,9
PN-665660,PN-129940,POINT-85,,,,,,,9
PN-66629,PN-24735,CMX-1,SM4,,,SM4,,,2
PN-66629,PN-24735,CMX-1,SM4,,,SM4,,,2
PN-667179,92424691,FLEX-43,SM8,,,SM8,,,6
PN-667180,92424891,FLEX-43,SM8,,,SM8,,,6
PN-669084,PN-309703,5069-20,,,,,,,2
PN-669984,PN-409834,MLX-48A,,,,,,,3
PN-670000,PN-648536,CLX-28,,,,,,,2
PN-670009,PN-648536,CLX-28,,,,,,,2
PN-670325,PN-128024,CMX-14A,,,,,,,2
PN-670462,PN-367567,POINT-41,SM2,,,SM2,,,9
PN-670469,PN-170169,POINT-41,SM2,,,SM2,,,9
PN-670611,PN-346642,5069-23,,,,,,,4
PN-671027,PN-546347,SPOINT-2,,,,,,,9
PN-671028,PN-462504,SPOINT-4,,,,,,,9
PN-671598,PN-642651,OPT-41,SM6,,,SM6,,,3
PN-671615,PN-671616,OPT-45,SM6,,,SM6,,,3
PN-671716,PN-642654,OPT-43,,,,,,,2
PN-671719,PN-156288,OPT-13A,,,,,,,24
PN-671721,PN-156288,OPT-13A,,,,,,,24
PN-671731,PN-595060,CMX-35,SM4,,,SM4,,,2
PN-671834,PN-663329,5032-1,SM6,,,SM6,,,3
PN-671836,PN-663332,5032-1,SM6,,,SM6,,,3
PN-671838,PN-663335,5032-1,SM6,,,SM6,,,3
PN-673441,PN-542724,5069-11,,,,,,,2
PN-673528,PN-314793,PEN-12,,,,,,,3
PN-673529,PN-246038,MARIO-2,SM2,,,SM2,,,3
PN-673530,PN-68629,MARIO-1,SM7,,,SM1,,,6
PN-673531,PN-314795,PEN-12,,,,,,,3
PN-673532,PN-314796,PEN-12,,,,,,,3
PN-673534,PN-171576,POINT-71,SM1,,,SM1,,,6
PN-673536,PN-171576,POINT-71,SM1,,,SM1,,,6
PN-673538,PN-171576,POINT-71,SM1,,,SM1,,,6
PN-673540,PN-169721,POINT-73,SM2,,,SM2,,,6
PN-673541,PN-410230,POINT-71A,SM1,,,SM1,,,6
PN-673543,PN-314787,PEN-21,,,,,,,7
PN-673544,PN-314797,PEN-12,,,,,,,3
PN-673545,PN-363144,PEN-12,,,,,,,3
PN-673703,PN-673700,PILOT-22,SM6,,,SM6,,,3
PN-673915,PN-170165,POINT-17,,,,,,,9
PN-675263,PN-675262,5069-25,SM3,,,SM3,,,2
PN-676928,PN-676930,PILOT-22,,,,,,,4
PN-677454,PN-677455,5069-2,,,,,,,2
PN-678189,PN-462504,SPOINT-1,,,,,,,
PN-678612,PN-55144,FLEX-5,SM2,,,SM2,,,9
PN-678613,PN-55144,FLEX-5,SM2,,,SM2,,,9
PN-678621,PN-169730,FLEX-14A,,,,,,,4
PN-68328,PN-48738,FLEX-13,SM8,,,SM8,,,12
PN-683467,PN-236568,OPT-14,SM5,,,SM8,,,3
PN-683471,PN-236567,OPT-33,SM2,,,SM2,,,3
PN-683475,PN-236566,OPT-33A,,,,,,,3
PN-683479,PN-236565,OPT-32,SM5,,,SM5,,,3
PN-683482,PN-152461,OPT-20,SM5,,,SM5,,,3
PN-683487,93433091,OPT-20,SM5,,,SM5,,,3
PN-683490,93433491,OPT-20,SM5,,,SM5,,,3
PN-683493,PN-629225,OPT-20,SM5,,,SM5,,,3
PN-684345,PN-188985,CMX-2,SM2,,,SM2,,,4
PN-684436,PN-574479,OPT-42,SM8,,,SM8,,,2
PN-684448,PN-574479,OPT-42,SM8,,,SM8,,,2
PN-684452,PN-574476,OPT-44,SM8,,,SM8,,,2
PN-684456,PN-574476,OPT-44,SM8,,,SM8,,,2
PN-684461,PN-663959,OPT-42,SM8,,,SM8,,,2
PN-684465,PN-663959,OPT-42,SM8,,,SM8,,,2
PN-684711,PN-653457,FLEX-8,SM8,,,SM8,,,6
PN-684712,PN-653457,FLEX-8,SM8,,,SM8,,,6
PN-684973,PN-684974,5094-17,SM4,,,SM4,,,4
PN-684976,PN-684977,5094-17,SM4,,,SM4,,,4
PN-685199,PN-61306,CLX-14,,,,,,,24
PN-68632,PN-68631,MARIO-1,SM1,,,SM4,,,3
PN-686342,PN-686339,CLX-24,,,,,,,2
PN-686898,PN-686339,CLX-23,,,,,,,2
PN-686930,PN-255872,CLX-3,SM7,,,SM7,,,2
PN-687018,PN-687401,OPT-13B,SM6,,,SM6,,,24
PN-687020,PN-687401,OPT-13B,SM6,,,SM6,,,24
PN-687036,PN-504536,POINT-86A,,,,,,,9
PN-687039,PN-504536,POINT-86A,,,,,,,9
PN-687041,PN-504536,POINT-86A,,,,,,,9
PN-687043,PN-504536,POINT-86A,,,,,,,9
PN-687045,PN-504536,POINT-86A,,,,,,,9
PN-687161,PN-15621,POINT-35,,,,,,,9
PN-687739,PN-687745,OPT-46,SM5,,,,,,2
PN-687828,PN-687827,OPT-38,,,,,,,6
PN-688427,PN-688426,NEEDS DEFINED,SM6,,,SM6,,,8
PN-688986,PN-688985,POINT-36,SM6,,,SM6,,,9
PN-688990,PN-688989,POINT-46A,SM6,,,SM6,,,9
PN-689009,PN-653633,5069-25,SM3,,,SM3,,,2
PN-689158,PN-274666,5069-29,,,,,,,2
PN-689161,PN-274666,5069-29,,,,,,,2
PN-689167,PN-309415,5069-12,,,,,,,2
PN-689168,PN-430024,5069-12,,,,,,,2
PN-689916,PN-161568,FLEX-38A,SM1,,,SM1,,,4
PN-690960,PN-676734,POINT-88,SM1,,,SM1,,,9
PN-690961,PN-676734,POINT-88,SM1,,,SM1,,,9
PN-690962,PN-676734,POINT-88,SM1,,,SM1,,,9
PN-690963,PN-676734,POINT-88,SM1,,,SM1,,,9
PN-691490,PN-691489,POINT-51C,SM6,,,SM6,,,9
PN-691491,PN-691489,POINT-51C,SM6,,,SM6,,,9
PN-691492,PN-691489,POINT-51C,SM6,,,SM6,,,9
PN-691553,PN-409436,5069-14,SM7,,,SM7,,,2
PN-691556,PN-407927,5069-18,SM7,,,SM7,,,2
PN-691557,PN-407927,5069-18,SM7,,,SM7,,,2
PN-694117,PN-554230,5069-8B,SM3,,,SM3,,,1
PN-694212,PN-542512,NEO-7,SM1,,,SM1,,,6
PN-694213,PN-543420,NEO-14,SM1,,,SM1,,,4
PN-694214,PN-542515,NEO-16,SM5,,,SM5,,,6
PN-694215,PN-543860,NEO-9,SM2,,,SM2,,,4
PN-694470,PN-694471,5094-18,,,,,,,4
PN-694473,PN-694474,5094-18,,,,,,,4
PN-694746,PN-562434,CMX-6,SM8,,,,,,2
PN-694747,PN-562434,CMX-6,SM8,,,,,,2
PN-694850,PN-694851,POINT-16,SM7,,,SM2,,,9
PN-694906,PN-694905,PILOT-23,,,,,,,8
PN-695306,PN-480678,5069-9,SM3,,,SM3,,,4
PN-695433,PN-474184,5094-2,SM4,,,SM4,,,2
PN-695882,PN-695883,5094-16,SM4,,,SM4,,,4
PN-695885,PN-695886,5094-16,SM4,,,SM4,,,4
PN-695909,PN-697097,PILOT-23,,,,,,,9
PN-695910,PN-697097,PILOT-23,,,,,,,9
PN-695912,PN-697097,PILOT-23,,,,,,,9
PN-695913,PN-697097,PILOT-23,,,,,,,9
PN-696079,PN-696078,PILOT-23,,,,,,,8
PN-696081,pn-696080,PILOT-23,,,,,,,8
PN-696099,PN-692290,PILOT-18,SM6,,,SM6,,,8
PN-696772,PN-456188,5094-11,SM7,,,SM7,,,4
PN-696820,PN-696816,PILOT-18,SM6,,,SM6,,,2
PN-696866,PN-456660,5094-12,SM6,,,SM6,,,4
PN-696875,PN-497901,5094-10A,SM3,,,SM3,,,6
PN-697922,PN-424342,5069-5,SM3,,,SM3,,,4
PN-698980,PN-698978,PILOT-18,SM6,,,SM6,,,3
PN-699425,PN-699424,PILOT-18,SM6,,,SM6,,,3
PN-699429,PN-699444,NEO-14,SM1,,,SM1,,,4
PN-699445,PN-699453,NEO-7,SM1,,,SM1,,,6
PN-699532,PN-699529,PILOT-18,SM6,,,SM6,,,3
PN-701276,PN-683860,POINT-84,SM7,,,SM6,,,9
PN-702532,PN-702530,5094-19,,,,,,,4
PN-702536,PN-702535,5094-19,,,,,,,4
PN-702727,PN-686485,PILOT-18,SM6,,,SM6,,,8
PN-703752,PN-698978,5032-2,SM3,,,SM3,,,3
PN-703754,PN-699424,5032-2,SM3,,,SM3,,,3
PN-703762,PN-699529,5032-2,SM3,,,SM3,,,3
PN-703839,PN-691489,POINT-51C,,,,,,,9
PN-703840,PN-691489,POINT-51C,,,,,,,9
PN-703841,PN-691489,POINT-51C,,,,,,,9
PN-706122,PN-64845,FLEX-4,SM7,,,SM6,,,6
PN-707054,PN-207559,FLEX-69,,,,,,,12
PN-707406,PN-601768,CLX-32,,,,,,,2
PN-708562,PN-708561,5069-25,SM3,,,SM3,,,2
PN-708939,PN-676734,POINT-90,,,,,,,9
PN-709145,PN-684256,CLX-37,,,,,,,2
PN-710501,PN-676734,POINT-90,,,,,,,9
PN-710502,PN-676734,POINT-90,,,,,,,9
PN-710503,PN-676734,POINT-90,,,,,,,9
PN-711070,PN-677342,VIEW E-5,,,,,,,2
PN-711273,PN-670640,POINT-89,SM3,,,SM3,,,9
PN-711601,PN-504536,POINT-31A,SM1,,,SM1,,,9
PN-711602,PN-504536,POINT-31A,SM1,,,SM1,,,9
PN-711603,PN-504536,POINT-31A,SM1,,,SM1,,,9
PN-711604,PN-504536,POINT-31A,SM1,,,SM1,,,9
PN-711605,PN-504536,POINT-31A,SM1,,,SM1,,,9
PN-711665,PN-274666,5069-29,,,,,,,2
PN-711666,PN-274666,5069-29,,,,,,,2
PN-711681,PN-309415,5069-12,,,,,,,2
PN-711685,PN-430024,5069-12,,,,,,,2
PN-712327,PN-162123,FLEX-38,SM1,,,SM1,,,4
PN-712333,PN-161568,FLEX-38A,SM1,,,SM1,,,4
PN-712340,PN-407927,5069-18,SM7,,,SM7,,,2
PN-712418,PN-696816,PILOT-18,SM6,,,SM6,,,2
PN-712420,PN-675262,5069-25,SM3,,,SM3,,,2
PN-714244,PN-712778,PILOT-18,SM6,,,SM6,,,8
PN-717139,PN-717138,POINT-87,,,,,,,9
PN-717140,PN-717138,POINT-87,,,,,,,9
PN-717141,PN-717138,POINT-87,,,,,,,36
PN-718097,PN-574479,OPT-42,,,,,,,2
PN-718099,PN-574479,OPT-42,,,,,,,2
PN-718106,93426491,OPT-2,SM1,,,SM1,,,24
PN-718109,PN-429512,OPT-3,SM1,,,SM1,,,24
PN-718652,PN-648536,CLX-28,,,,,,,2
PN-721889,PN-721888,PILOT-18,SM6,,,SM6,,,8
PN-721890,PN-721888,PILOT-18,SM6,,,SM6,,,8
PN-722490,PN-147904,POINT-51D,,,,,,,9
PN-722773,92422091,POINT-28,SM7,,,SM7,,,6
PN-723049,PN-108595,VIEW E-1,,,,,,,3
PN-723196,PN-723197,5069-25,,,,,,,2
PN-723516,PN-723515,5069-25,SM6,,,SM6,,,2
PN-724339,PN-367567,POINT-41,SM2,,,SM2,,,9
PN-725516,PN-438234,POINT-63,,,,,,,9
PN-725518,PN-438234,POINT-63,,,,,,,9
PN-725800,PN-725803,5069-14,SM6,,,SM6,,,2
PN-728837,PN-15623,POINT-35A,,,,,,,9
PN-728841,PN-15621,POINT-35,,,,,,,9
PN-730010,PN-554230,5069-8B,,,,,,,1
PN-730543,PN-629225,OPT-20,SM5,,,SM5,,,3
PN-730698,PN-236565,OPT-32,SM5,,,SM5,,,3
PN-733479,PN-714336,MARIO-3,,,,,,,3
PN-734456,PN-726550,OPT-47,,,,,,,6
PN-734583,PN-734582,PILOT-25,,,,,,,4
PN-735547,PN-735546,NG94-TB-2,,,,,,,4
PN-735606,PN-735546,NG94-TB-2,,,,,,,4
PN-736005,PN-736003,NG94-TB-2,,,,,,,4
PN-736006,PN-736003,NG94-TB-2,,,,,,,4
PN-736168,PN-736167,5034-6,,,,,,,8
PN-736230,PN-736229,5034-5A,,,,,,,8
PN-736235,PN-736234,5034-5,,,,,,,8
PN-736241,PN-736239,5034-4,SM6,,,SM6,,,8
PN-736245,PN-736239,5034-4,SM6,,,SM6,,,8
PN-736310,PN-736311,5034-9,,,,,,,8
PN-736314,PN-736315,5034-13,,,,,,,8
PN-736318,PN-736319,5034-14,,,,,,,8
PN-736322,PN-736323,5034-11,,,,,,,8
PN-736647,PN-736645,5034-2,,,,,,,4
PN-736700,PN-736699,5034-1,,,,,,,4
PN-736701,PN-736699,5034-1,,,,,,,4
PN-736795,PN-736796,5034-7,,,,,,,14
PN-736898,PN-736897,5034-4,,,,,,,8
PN-737007,PN-737006,5034-12,,,,,,,12
PN-737008,PN-737006,5034-12,,,,,,,12
PN-737055,PN-737054,5034-15,,,,,,,4
PN-737056,PN-737054,5034-15,,,,,,,4
PN-737936,PN-737937,5034-12,,,,,,,20
PN-737938,PN-737937,5034-12,,,,,,,20
PN-737961,PN-736229,5034-5A,,,,,,,8
PN-737963,PN-736234,5034-5,,,,,,,8
PN-737964,PN-736167,5034-6,,,,,,,8
PN-738112,PN-738068,5034-8,,,,,,,8
PN-738765,PN-738763,5034-16,,,,,,,8
PN-738767,PN-738766,5034-16,,,,,,,8
PN-738774,PN-738776,5034-3,,,,,,,40
PN-738775,PN-738776,5034-3,,,,,,,40
PN-739131,PN-694851,POINT-16,,,,,,,9
PN-739135,PN-367567,POINT-41,,,,,,,9
PN-739139,PN-162123,FLEX-38A,,,,,,,4
PN-739143,PN-161568,FLEX-38A,,,,,,,4
PN-739154,PN-314787,PEN-21,,,,,,,7
PN-739155,92401891,POINT-70,,,,,,,9
PN-739157,PN-170169,POINT-41,,,,,,,9
PN-739549,PN-739548,5034-10,,,,,,,8
PN-740834,PN-740833,5034-17,,,,,,,8
PN-741445,PN-741446,5034-19,,,,,,,8
PN-744379,PN-744378,5034-17,,,,,,,8
PN-744545,92412091,POINT-32A,,,,,,,9
PN-744546,92412091,POINT-32A,,,,,,,9
PN-744547,92412091,POINT-32A,,,,,,,9
PN-744548,92420292,POINT-27,,,,,,,9
PN-744549,92420292,POINT-27,,,,,,,9
PN-744550,92420292,POINT-27,,,,,,,9
PN-744551,92420292,POINT-27,,,,,,,9
PN-747472,PN-412217,POINT-3A,,,,,,,6
PN-747935,92420091,POINT-6,,,,,,,8
PN-747937,92420091,POINT-6,,,,,,,8
PN-747939,92420091,POINT-6,,,,,,,8
PN-750646,PN-750645,PILOT-25,,,,,,,2
PN-750678,PN-750675,POINT-57,,,,,,,4
PN-751029,PN-745516,PILOT-25,,,,,,,8
PN-751051,PN-725803,5069-29,,,,,,,2
PN-751062,PN-725803,5069-29,,,,,,,2
PN-751180,PN-730876,5069-12,,,,,,,2
PN-751184,PN-723515,5069-25,,,,,,,2
PN-758715,PN-744757,5034-18,,,,,,,8
PN-758716,PN-744757,5034-18,,,,,,,8
PN-78451,PN-143443,FLEX-49,SM7,,,SM7,,,9
PN-79468,PN-79465,CLX-2,,,,,,,24
PN-79679,PN-56378,FLEX-37,SM8,,,SM4,,,6
PN-85368,PN-15135,PVC-1,SM1,,,SM4,,,4
PN-85616,96219494,FLEX-21,SM8,,,SM4,,,6
PN-86678,PN-15833,FLEX-38,SM1,,,SM1,,,4
PN-86751,PN-18799,FLEX-33,SM8,,,SM4,,,6
PN-87191,PN-18807,FLEX-33,SM8,,,SM4,,,6
PN-87370,PN-30843,FLEX-33,SM8,,,SM4,,,6
PN-89342,96224093,FLEX-67,SM8,,,SM4,,,6
PN-89342,96224093,FLEX-67,SM8,,,SM4,,,
PN-90193,PN-63646,POINT-8,SM8,,,SM8,,,9
PN-90194,PN-63646,POINT-8,SM8,,,SM8,,,9
PN-90195,PN-63646,POINT-8,SM8,,,SM8,,,9
PN-90886,PN-90885,CMX-12,SM5,,,SM5,,,8
PN-91560,PN-109374,CMX-22,SM1,,,SM1,,,4
PN-94331,92424291,FLEX-44,SM8,,,SM4,,,6
PN-94412,92424691,FLEX-43,SM8,,,SM8,,,6
PN-94413,92424491,FLEX-44,SM8,,,SM4,,,6
PN-94414,92424891,FLEX-43,SM8,,,SM8,,,6
PN-94415,PN-23448,FLEX-65,SM5,,,SM5,,,6
PN-94757,92422891,FLEX-48,SM8,,,SM8,,,12
PN-94759,92423291,FLEX-48,SM5,,,SM5,,,12
PN-94760,92423291,FLEX-48,SM5,,,SM5,,,12
PN-94761,92423691,FLEX-12,SM8,,,SM8,,,8
PN-94763,92423891,FLEX-48,SM5,,,SM5,,,12
PN-94764,92423891,FLEX-48,SM5,,,SM5,,,12
PN-94767,PN-16780,FLEX-12,SM8,,,SM8,,,8
PN-94768,PN-16913,FLEX-25,SM8,,,SM8,,,8
PN-94770,PN-29147,FLEX-61,SM4,,,SM4,,,2
PN-99477,PN-48738,FLEX-41,SM5,,,SM5,,,12
PN-99588,PN-31693,FLEX-9,SM8,,,SM8,,,2
PN-99590,PN-31693,FLEX-9,SM8,,,SM8,,,2
PN-99592,PN-31693,FLEX-9,SM8,,,SM8,,,2
PN-99594,PN-31693,FLEX-9,SM8,,,SM8,,,2
